Date,Price
10/3/2005,1.889
10/4/2005,1.845
10/5/2005,1.765
10/6/2005,1.72
10/7/2005,1.74
10/10/2005,1.73
10/11/2005,1.77
10/12/2005,1.776
10/13/2005,1.729
10/14/2005,1.704
10/17/2005,1.757
10/18/2005,1.69
10/19/2005,1.657
10/20/2005,1.603
10/21/2005,1.645
10/24/2005,1.605
10/25/2005,1.662
10/26/2005,1.6
10/27/2005,1.61
10/28/2005,1.645
10/31/2005,1.581
11/1/2005,1.596
11/2/2005,1.576
11/3/2005,1.626
11/4/2005,1.605
11/7/2005,1.579
11/8/2005,1.607
11/9/2005,1.588
11/10/2005,1.544
11/11/2005,1.54
11/14/2005,1.543
11/15/2005,1.509
11/16/2005,1.527
11/17/2005,1.504
11/18/2005,1.502
11/21/2005,1.508
11/22/2005,1.558
11/23/2005,1.548
11/28/2005,1.502
11/29/2005,1.481
11/30/2005,1.527
12/1/2005,1.593
12/2/2005,1.631
12/5/2005,1.615
12/6/2005,1.61
12/7/2005,1.598
12/8/2005,1.667
12/9/2005,1.64
12/12/2005,1.687
12/13/2005,1.691
12/14/2005,1.686
12/15/2005,1.68
12/16/2005,1.619
12/19/2005,1.575
12/20/2005,1.559
12/21/2005,1.576
12/22/2005,1.591
12/23/2005,1.601
12/27/2005,1.573
12/28/2005,1.621
12/29/2005,1.682
12/30/2005,1.74
1/3/2006,1.786
1/4/2006,1.825
1/5/2006,1.817
1/6/2006,1.846
1/9/2006,1.798
1/10/2006,1.78
1/11/2006,1.763
1/12/2006,1.769
1/13/2006,1.771
1/17/2006,1.84
1/18/2006,1.8
1/19/2006,1.8
1/20/2006,1.83
1/23/2006,1.81
1/24/2006,1.774
1/25/2006,1.705
1/26/2006,1.724
1/27/2006,1.771
1/30/2006,1.805
1/31/2006,1.756
2/1/2006,1.744
2/2/2006,1.689
2/3/2006,1.702
2/6/2006,1.662
2/7/2006,1.614
2/8/2006,1.583
2/9/2006,1.58
2/10/2006,1.511
2/13/2006,1.478
2/14/2006,1.446
2/15/2006,1.431
2/16/2006,1.488
2/17/2006,1.529
2/21/2006,1.531
2/22/2006,1.498
2/23/2006,1.52
2/24/2006,1.56
2/27/2006,1.487
2/28/2006,1.544
3/1/2006,1.8
3/2/2006,1.863
3/3/2006,1.898
3/6/2006,1.841
3/7/2006,1.854
3/8/2006,1.832
3/9/2006,1.84
3/10/2006,1.819
3/13/2006,1.87
3/14/2006,1.949
3/15/2006,1.911
3/16/2006,1.949
3/17/2006,1.933
3/20/2006,1.875
3/21/2006,1.898
3/22/2006,1.848
3/23/2006,1.915
3/24/2006,1.958
3/27/2006,1.972
3/28/2006,2.039
3/29/2006,2.076
3/30/2006,2.081
3/31/2006,2.065
4/3/2006,2.051
4/4/2006,2.063
4/5/2006,2.106
4/6/2006,2.144
4/7/2006,2.125
4/10/2006,2.151
4/11/2006,2.192
4/12/2006,2.216
4/13/2006,2.23
4/17/2006,2.285
4/18/2006,2.321
4/19/2006,2.347
4/20/2006,2.322
4/21/2006,2.36
4/24/2006,2.304
4/25/2006,2.245
4/26/2006,2.251
4/27/2006,2.167
4/28/2006,2.21
5/1/2006,2.276
5/2/2006,2.325
5/3/2006,2.283
5/4/2006,2.174
5/5/2006,2.267
5/8/2006,2.249
5/9/2006,2.351
5/10/2006,2.459
5/11/2006,2.49
5/12/2006,2.426
5/15/2006,2.268
5/16/2006,2.226
5/17/2006,2.16
5/18/2006,2.175
5/19/2006,2.185
5/22/2006,2.172
5/23/2006,2.25
5/24/2006,2.157
5/25/2006,2.24
5/26/2006,2.31
5/30/2006,2.335
5/31/2006,2.287
6/1/2006,2.275
6/2/2006,2.363
6/5/2006,2.337
6/6/2006,2.346
6/7/2006,2.263
6/8/2006,2.279
6/9/2006,2.305
6/12/2006,2.26
6/13/2006,2.171
6/14/2006,2.182
6/15/2006,2.202
6/16/2006,2.205
6/19/2006,2.164
6/20/2006,2.167
6/21/2006,2.23
6/22/2006,2.275
6/23/2006,2.295
6/26/2006,2.343
6/27/2006,2.329
6/28/2006,2.319
6/29/2006,2.367
6/30/2006,2.393
7/5/2006,2.414
7/6/2006,2.406
7/7/2006,2.388
7/10/2006,2.305
7/11/2006,2.312
7/12/2006,2.368
7/13/2006,2.386
7/14/2006,2.431
7/17/2006,2.399
7/18/2006,2.367
7/19/2006,2.333
7/20/2006,2.359
7/21/2006,2.425
7/24/2006,2.419
7/25/2006,2.39
7/26/2006,2.375
7/27/2006,2.353
7/28/2006,2.338
7/31/2006,2.35
8/1/2006,2.372
8/2/2006,2.412
8/3/2006,2.365
8/4/2006,2.321
8/7/2006,2.32
8/8/2006,2.272
8/9/2006,2.199
8/10/2006,2.068
8/11/2006,2.132
8/14/2006,2.05
8/15/2006,2.069
8/16/2006,2.026
8/17/2006,1.965
8/18/2006,2.005
8/21/2006,1.978
8/22/2006,1.981
8/23/2006,1.886
8/24/2006,1.861
8/25/2006,1.906
8/28/2006,1.828
8/29/2006,1.825
8/30/2006,1.834
8/31/2006,1.821
9/1/2006,1.784
9/5/2006,1.683
9/6/2006,1.679
9/7/2006,1.684
9/8/2006,1.642
9/11/2006,1.622
9/12/2006,1.608
9/13/2006,1.601
9/14/2006,1.602
9/15/2006,1.637
9/18/2006,1.627
9/19/2006,1.548
9/20/2006,1.493
9/21/2006,1.534
9/22/2006,1.52
9/25/2006,1.501
9/26/2006,1.526
9/27/2006,1.563
9/28/2006,1.56
9/29/2006,1.563
10/2/2006,1.543
10/3/2006,1.498
10/4/2006,1.535
10/5/2006,1.547
10/6/2006,1.53
10/9/2006,1.521
10/10/2006,1.487
10/11/2006,1.479
10/12/2006,1.487
10/13/2006,1.518
10/16/2006,1.532
10/17/2006,1.517
10/18/2006,1.5
10/19/2006,1.533
10/20/2006,1.509
10/23/2006,1.504
10/24/2006,1.532
10/25/2006,1.588
10/26/2006,1.542
10/27/2006,1.556
10/30/2006,1.46
10/31/2006,1.447
11/1/2006,1.495
11/2/2006,1.477
11/3/2006,1.526
11/6/2006,1.543
11/7/2006,1.536
11/8/2006,1.578
11/9/2006,1.605
11/10/2006,1.566
11/13/2006,1.547
11/14/2006,1.558
11/15/2006,1.595
11/16/2006,1.541
11/17/2006,1.549
11/20/2006,1.561
11/21/2006,1.643
11/22/2006,1.597
11/27/2006,1.598
11/28/2006,1.637
11/29/2006,1.708
11/30/2006,1.702
12/1/2006,1.702
12/4/2006,1.663
12/5/2006,1.644
12/6/2006,1.621
12/7/2006,1.623
12/8/2006,1.617
12/11/2006,1.596
12/12/2006,1.597
12/13/2006,1.622
12/14/2006,1.67
12/15/2006,1.704
12/18/2006,1.675
12/19/2006,1.711
12/20/2006,1.693
12/21/2006,1.649
12/22/2006,1.631
12/26/2006,1.572
12/27/2006,1.589
12/28/2006,1.598
12/29/2006,1.602
1/2/2007,1.616
1/3/2007,1.549
1/4/2007,1.487
1/5/2007,1.493
1/8/2007,1.469
1/9/2007,1.47
1/10/2007,1.429
1/11/2007,1.391
1/12/2007,1.432
1/16/2007,1.369
1/17/2007,1.379
1/18/2007,1.355
1/19/2007,1.398
1/22/2007,1.375
1/23/2007,1.447
1/24/2007,1.462
1/25/2007,1.444
1/26/2007,1.483
1/29/2007,1.441
1/30/2007,1.521
1/31/2007,1.501
2/1/2007,1.525
2/2/2007,1.573
2/5/2007,1.56
2/6/2007,1.573
2/7/2007,1.542
2/8/2007,1.593
2/9/2007,1.615
2/12/2007,1.553
2/13/2007,1.609
2/14/2007,1.616
2/15/2007,1.597
2/16/2007,1.645
2/20/2007,1.649
2/21/2007,1.705
2/22/2007,1.755
2/23/2007,1.763
2/26/2007,1.778
2/27/2007,1.816
2/28/2007,1.848
3/1/2007,1.91
3/2/2007,1.902
3/5/2007,1.845
3/6/2007,1.853
3/7/2007,1.896
3/8/2007,1.926
3/9/2007,1.902
3/12/2007,1.911
3/13/2007,1.932
3/14/2007,1.928
3/15/2007,1.882
3/16/2007,1.907
3/19/2007,1.958
3/20/2007,1.942
3/21/2007,1.935
3/22/2007,1.958
3/23/2007,1.998
3/26/2007,2.068
3/27/2007,2.073
3/28/2007,2.057
3/29/2007,2.136
3/30/2007,2.112
4/2/2007,2.043
4/3/2007,2.018
4/4/2007,2.105
4/5/2007,2.129
4/9/2007,2.095
4/10/2007,2.123
4/11/2007,2.159
4/12/2007,2.192
4/13/2007,2.18
4/16/2007,2.116
4/17/2007,2.056
4/18/2007,2.083
4/19/2007,2.089
4/20/2007,2.137
4/23/2007,2.191
4/24/2007,2.209
4/25/2007,2.283
4/26/2007,2.29
4/27/2007,2.361
4/30/2007,2.441
5/1/2007,2.245
5/2/2007,2.233
5/3/2007,2.248
5/4/2007,2.216
5/7/2007,2.19
5/8/2007,2.205
5/9/2007,2.231
5/10/2007,2.326
5/11/2007,2.352
5/14/2007,2.301
5/15/2007,2.302
5/16/2007,2.337
5/17/2007,2.437
5/18/2007,2.408
5/21/2007,2.401
5/22/2007,2.306
5/23/2007,2.31
5/24/2007,2.357
5/25/2007,2.404
5/29/2007,2.298
5/30/2007,2.273
5/31/2007,2.251
6/1/2007,2.245
6/4/2007,2.238
6/5/2007,2.207
6/6/2007,2.19
6/7/2007,2.193
6/8/2007,2.127
6/11/2007,2.151
6/12/2007,2.135
6/13/2007,2.155
6/14/2007,2.225
6/15/2007,2.26
6/18/2007,2.264
6/19/2007,2.235
6/20/2007,2.228
6/21/2007,2.247
6/22/2007,2.287
6/25/2007,2.303
6/26/2007,2.247
6/27/2007,2.255
6/28/2007,2.267
6/29/2007,2.294
7/2/2007,2.249
7/3/2007,2.264
7/5/2007,2.284
7/6/2007,2.31
7/9/2007,2.345
7/10/2007,2.369
7/11/2007,2.306
7/12/2007,2.266
7/13/2007,2.225
7/16/2007,2.126
7/17/2007,2.101
7/18/2007,2.195
7/19/2007,2.191
7/20/2007,2.165
7/23/2007,2.104
7/24/2007,2.048
7/25/2007,2.088
7/26/2007,2.076
7/27/2007,2.102
7/30/2007,2.086
7/31/2007,2.141
8/1/2007,2.03
8/2/2007,2.036
8/3/2007,2.029
8/6/2007,1.926
8/7/2007,1.944
8/8/2007,1.938
8/9/2007,1.934
8/10/2007,1.955
8/13/2007,1.938
8/14/2007,1.974
8/15/2007,2.009
8/16/2007,1.978
8/17/2007,2.039
8/20/2007,1.937
8/21/2007,1.864
8/22/2007,1.889
8/23/2007,1.923
8/24/2007,1.981
8/27/2007,2.039
8/28/2007,2.015
8/29/2007,2.101
8/30/2007,2.08
8/31/2007,2.052
9/4/2007,1.991
9/5/2007,1.997
9/6/2007,1.972
9/7/2007,1.986
9/10/2007,1.979
9/11/2007,1.981
9/12/2007,2.016
9/13/2007,2.046
9/14/2007,2.036
9/17/2007,2.044
9/18/2007,2.06
9/19/2007,2.093
9/20/2007,2.135
9/21/2007,2.115
9/24/2007,2.083
9/25/2007,2.038
9/26/2007,2.027
9/27/2007,2.094
9/28/2007,2.068
10/1/2007,1.981
10/2/2007,1.983
10/3/2007,1.996
10/4/2007,2.052
10/5/2007,2.049
10/8/2007,2
10/9/2007,2.02
10/10/2007,2.034
10/11/2007,2.067
10/12/2007,2.085
10/15/2007,2.158
10/16/2007,2.174
10/17/2007,2.147
10/18/2007,2.185
10/19/2007,2.169
10/22/2007,2.133
10/23/2007,2.109
10/24/2007,2.148
10/25/2007,2.236
10/26/2007,2.274
10/29/2007,2.327
10/30/2007,2.257
10/31/2007,2.34
11/1/2007,2.343
11/2/2007,2.44
11/5/2007,2.381
11/6/2007,2.435
11/7/2007,2.441
11/8/2007,2.438
11/9/2007,2.456
11/12/2007,2.417
11/13/2007,2.317
11/14/2007,2.37
11/15/2007,2.336
11/16/2007,2.375
11/19/2007,2.382
11/20/2007,2.452
11/21/2007,2.437
11/23/2007,2.467
11/26/2007,2.441
11/27/2007,2.373
11/28/2007,2.276
11/29/2007,2.265
11/30/2007,2.259
12/3/2007,2.25
12/4/2007,2.252
12/5/2007,2.217
12/6/2007,2.301
12/7/2007,2.269
12/10/2007,2.25
12/11/2007,2.291
12/12/2007,2.413
12/13/2007,2.374
12/14/2007,2.342
12/17/2007,2.335
12/18/2007,2.304
12/19/2007,2.332
12/20/2007,2.328
12/21/2007,2.38
12/24/2007,2.384
12/26/2007,2.453
12/27/2007,2.496
12/28/2007,2.46
12/31/2007,2.476
1/2/2008,2.569
1/3/2008,2.541
1/4/2008,2.511
1/7/2008,2.43
1/8/2008,2.474
1/9/2008,2.436
1/10/2008,2.36
1/11/2008,2.32
1/14/2008,2.373
1/15/2008,2.309
1/16/2008,2.278
1/17/2008,2.267
1/18/2008,2.303
1/22/2008,2.281
1/23/2008,2.251
1/24/2008,2.283
1/25/2008,2.318
1/28/2008,2.325
1/29/2008,2.33
1/30/2008,2.334
1/31/2008,2.309
2/1/2008,2.283
2/4/2008,2.312
2/5/2008,2.265
2/6/2008,2.24
2/7/2008,2.268
2/8/2008,2.357
2/11/2008,2.396
2/12/2008,2.368
2/13/2008,2.39
2/14/2008,2.476
2/15/2008,2.494
2/19/2008,2.603
2/20/2008,2.585
2/21/2008,2.522
2/22/2008,2.534
2/25/2008,2.542
2/26/2008,2.551
2/27/2008,2.478
2/28/2008,2.496
2/29/2008,2.512
3/3/2008,2.672
3/4/2008,2.529
3/5/2008,2.642
3/6/2008,2.653
3/7/2008,2.694
3/10/2008,2.715
3/11/2008,2.726
3/12/2008,2.729
3/13/2008,2.683
3/14/2008,2.689
3/17/2008,2.504
3/18/2008,2.66
3/19/2008,2.56
3/20/2008,2.605
3/24/2008,2.641
3/25/2008,2.68
3/26/2008,2.743
3/27/2008,2.716
3/28/2008,2.717
3/31/2008,2.616
4/1/2008,2.639
4/2/2008,2.774
4/3/2008,2.724
4/4/2008,2.757
4/7/2008,2.784
4/8/2008,2.75
4/9/2008,2.774
4/10/2008,2.792
4/11/2008,2.807
4/14/2008,2.822
4/15/2008,2.881
4/16/2008,2.939
4/17/2008,2.958
4/18/2008,2.989
4/21/2008,2.979
4/22/2008,3.016
4/23/2008,3.051
4/24/2008,3.019
4/25/2008,3.054
4/28/2008,3.031
4/29/2008,2.939
4/30/2008,2.931
5/1/2008,2.878
5/2/2008,2.966
5/5/2008,3.053
5/6/2008,3.106
5/7/2008,3.118
5/8/2008,3.138
5/9/2008,3.201
5/12/2008,3.164
5/13/2008,3.2
5/14/2008,3.18
5/15/2008,3.166
5/16/2008,3.224
5/19/2008,3.237
5/20/2008,3.304
5/21/2008,3.397
5/22/2008,3.33
5/23/2008,3.396
5/27/2008,3.383
5/28/2008,3.448
5/29/2008,3.404
5/30/2008,3.409
6/2/2008,3.391
6/3/2008,3.353
6/4/2008,3.195
6/5/2008,3.335
6/6/2008,3.548
6/9/2008,3.394
6/10/2008,3.319
6/11/2008,3.466
6/12/2008,3.526
6/13/2008,3.463
6/16/2008,3.438
6/17/2008,3.418
6/18/2008,3.467
6/19/2008,3.353
6/20/2008,3.439
6/23/2008,3.455
6/24/2008,3.464
6/25/2008,3.394
6/26/2008,3.511
6/27/2008,3.501
6/30/2008,3.502
7/1/2008,3.513
7/2/2008,3.549
7/3/2008,3.571
7/7/2008,3.483
7/8/2008,3.363
7/9/2008,3.381
7/10/2008,3.511
7/11/2008,3.563
7/14/2008,3.558
7/15/2008,3.385
7/16/2008,3.279
7/17/2008,3.163
7/18/2008,3.171
7/21/2008,3.217
7/22/2008,3.147
7/23/2008,3.034
7/24/2008,3.059
7/25/2008,3.032
7/28/2008,3.07
7/29/2008,3.008
7/30/2008,3.135
7/31/2008,3.048
8/1/2008,3.084
8/4/2008,3
8/5/2008,2.956
8/6/2008,2.949
8/7/2008,3.003
8/8/2008,2.887
8/11/2008,2.867
8/12/2008,2.843
8/13/2008,2.932
8/14/2008,2.912
8/15/2008,2.86
8/18/2008,2.815
8/19/2008,2.864
8/20/2008,2.91
8/21/2008,3.045
8/22/2008,2.869
8/25/2008,2.882
8/26/2008,2.97
8/27/2008,3.067
8/28/2008,3.021
8/29/2008,3.01
9/2/2008,2.734
9/3/2008,2.767
9/4/2008,2.74
9/5/2008,2.686
9/8/2008,2.75
9/9/2008,2.653
9/10/2008,2.662
9/11/2008,2.749
9/12/2008,2.77
9/15/2008,2.561
9/16/2008,2.401
9/17/2008,2.463
9/18/2008,2.482
9/19/2008,2.6
9/22/2008,2.704
9/23/2008,2.595
9/24/2008,2.595
9/25/2008,2.697
9/26/2008,2.665
9/29/2008,2.397
9/30/2008,2.485
10/1/2008,2.36
10/2/2008,2.255
10/3/2008,2.228
10/6/2008,2.059
10/7/2008,2.063
10/8/2008,2.03
10/9/2008,2.027
10/10/2008,1.807
10/13/2008,1.918
10/14/2008,1.885
10/15/2008,1.782
10/16/2008,1.622
10/17/2008,1.666
10/20/2008,1.72
10/21/2008,1.692
10/22/2008,1.571
10/23/2008,1.578
10/24/2008,1.478
10/27/2008,1.477
10/28/2008,1.456
10/29/2008,1.533
10/30/2008,1.467
10/31/2008,1.441
11/3/2008,1.363
11/4/2008,1.533
11/5/2008,1.424
11/6/2008,1.336
11/7/2008,1.35
11/10/2008,1.368
11/11/2008,1.306
11/12/2008,1.248
11/13/2008,1.302
11/14/2008,1.239
11/17/2008,1.175
11/18/2008,1.137
11/19/2008,1.107
11/20/2008,1.007
11/21/2008,1.064
11/24/2008,1.143
11/25/2008,1.095
11/26/2008,1.18
11/28/2008,1.146
12/1/2008,1.111
12/2/2008,1.058
12/3/2008,1.042
12/4/2008,0.97
12/5/2008,0.901
12/8/2008,0.962
12/9/2008,0.936
12/10/2008,0.969
12/11/2008,1.079
12/12/2008,1.078
12/15/2008,1.037
12/16/2008,1.04
12/17/2008,1.006
12/18/2008,0.988
12/19/2008,0.969
12/22/2008,0.886
12/23/2008,0.856
12/24/2008,0.793
12/26/2008,0.844
12/29/2008,0.875
12/30/2008,0.885
12/31/2008,1.008
1/2/2009,1.111
1/5/2009,1.182
1/6/2009,1.189
1/7/2009,1.076
1/8/2009,1.088
1/9/2009,1.111
1/12/2009,1.084
1/13/2009,1.149
1/14/2009,1.168
1/15/2009,1.174
1/16/2009,1.167
1/20/2009,1.143
1/21/2009,1.174
1/22/2009,1.093
1/23/2009,1.154
1/26/2009,1.153
1/27/2009,1.109
1/28/2009,1.184
1/29/2009,1.231
1/30/2009,1.269
2/2/2009,1.149
2/3/2009,1.167
2/4/2009,1.218
2/5/2009,1.275
2/6/2009,1.251
2/9/2009,1.247
2/10/2009,1.244
2/11/2009,1.27
2/12/2009,1.258
2/13/2009,1.206
2/17/2009,1.112
2/18/2009,1.065
2/19/2009,1.099
2/20/2009,1.075
2/23/2009,1.043
2/24/2009,1.084
2/25/2009,1.167
2/26/2009,1.3
2/27/2009,1.281
3/2/2009,1.286
3/3/2009,1.319
3/4/2009,1.382
3/5/2009,1.313
3/6/2009,1.332
3/9/2009,1.335
3/10/2009,1.297
3/11/2009,1.251
3/12/2009,1.346
3/13/2009,1.353
3/16/2009,1.367
3/17/2009,1.424
3/18/2009,1.366
3/19/2009,1.437
3/20/2009,1.457
3/23/2009,1.488
3/24/2009,1.503
3/25/2009,1.495
3/26/2009,1.531
3/27/2009,1.488
3/30/2009,1.38
3/31/2009,1.4
4/1/2009,1.372
4/2/2009,1.47
4/3/2009,1.492
4/6/2009,1.476
4/7/2009,1.46
4/8/2009,1.44
4/9/2009,1.481
4/13/2009,1.463
4/14/2009,1.458
4/15/2009,1.447
4/16/2009,1.474
4/17/2009,1.493
4/20/2009,1.412
4/21/2009,1.414
4/22/2009,1.391
4/23/2009,1.394
4/24/2009,1.442
4/27/2009,1.403
4/28/2009,1.398
4/29/2009,1.448
4/30/2009,1.474
5/1/2009,1.517
5/4/2009,1.586
5/5/2009,1.572
5/6/2009,1.628
5/7/2009,1.666
5/8/2009,1.706
5/11/2009,1.68
5/12/2009,1.668
5/13/2009,1.689
5/14/2009,1.724
5/15/2009,1.681
5/18/2009,1.758
5/19/2009,1.813
5/20/2009,1.81
5/21/2009,1.8
5/22/2009,1.841
5/26/2009,1.852
5/27/2009,1.892
5/28/2009,1.911
5/29/2009,1.931
6/1/2009,1.924
6/2/2009,1.925
6/3/2009,1.902
6/4/2009,1.962
6/5/2009,1.955
6/8/2009,1.936
6/9/2009,1.967
6/10/2009,2.015
6/11/2009,2.065
6/12/2009,2.043
6/15/2009,2.053
6/16/2009,2.051
6/17/2009,2.033
6/18/2009,2.03
6/19/2009,1.924
6/22/2009,1.86
6/23/2009,1.893
6/24/2009,1.843
6/25/2009,1.898
6/26/2009,1.874
6/29/2009,1.936
6/30/2009,1.897
7/1/2009,1.859
7/2/2009,1.791
7/6/2009,1.74
7/7/2009,1.733
7/8/2009,1.633
7/9/2009,1.664
7/10/2009,1.651
7/13/2009,1.639
7/14/2009,1.647
7/15/2009,1.708
7/16/2009,1.714
7/17/2009,1.77
7/20/2009,1.789
7/21/2009,1.812
7/22/2009,1.838
7/23/2009,1.913
7/24/2009,1.916
7/27/2009,1.935
7/28/2009,1.911
7/29/2009,1.855
7/30/2009,1.991
7/31/2009,2.045
8/3/2009,2.069
8/4/2009,2.057
8/5/2009,2.051
8/6/2009,2.061
8/7/2009,2.008
8/10/2009,2.027
8/11/2009,2.042
8/12/2009,2.025
8/13/2009,2.019
8/14/2009,1.938
8/17/2009,1.952
8/18/2009,2
8/19/2009,2.035
8/20/2009,1.982
8/21/2009,1.996
8/24/2009,2.049
8/25/2009,2.007
8/26/2009,1.983
8/27/2009,2.031
8/28/2009,2.062
8/31/2009,1.986
9/1/2009,1.782
9/2/2009,1.809
9/3/2009,1.793
9/4/2009,1.776
9/8/2009,1.829
9/9/2009,1.828
9/10/2009,1.804
9/11/2009,1.76
9/14/2009,1.743
9/15/2009,1.789
9/16/2009,1.848
9/17/2009,1.851
9/18/2009,1.832
9/21/2009,1.751
9/22/2009,1.782
9/23/2009,1.705
9/24/2009,1.637
9/25/2009,1.621
9/28/2009,1.638
9/29/2009,1.628
9/30/2009,1.726
10/1/2009,1.758
10/2/2009,1.741
10/5/2009,1.754
10/6/2009,1.773
10/7/2009,1.72
10/8/2009,1.78
10/9/2009,1.768
10/12/2009,1.799
10/13/2009,1.832
10/14/2009,1.858
10/15/2009,1.945
10/16/2009,1.979
10/19/2009,1.987
10/20/2009,1.988
10/21/2009,2.054
10/22/2009,2.044
10/23/2009,2.044
10/26/2009,2.034
10/27/2009,2.071
10/28/2009,1.986
10/29/2009,2.019
10/30/2009,1.943
11/2/2009,1.99
11/3/2009,2
11/4/2009,2.013
11/5/2009,1.988
11/6/2009,1.924
11/9/2009,1.982
11/10/2009,1.977
11/11/2009,1.993
11/12/2009,1.941
11/13/2009,1.916
11/16/2009,1.987
11/17/2009,2.005
11/18/2009,2.011
11/19/2009,1.97
11/20/2009,1.981
11/23/2009,1.979
11/24/2009,1.939
11/25/2009,1.998
11/27/2009,1.926
11/30/2009,2.001
12/1/2009,2.042
12/2/2009,1.993
12/3/2009,1.993
12/4/2009,1.975
12/7/2009,1.941
12/8/2009,1.925
12/9/2009,1.857
12/10/2009,1.835
12/11/2009,1.842
12/14/2009,1.827
12/15/2009,1.845
12/16/2009,1.874
12/17/2009,1.852
12/18/2009,1.895
12/21/2009,1.869
12/22/2009,1.889
12/23/2009,1.967
12/24/2009,1.99
12/28/2009,2.018
12/29/2009,2.011
12/30/2009,2.041
12/31/2009,2.053
1/4/2010,2.104
1/5/2010,2.125
1/6/2010,2.137
1/7/2010,2.135
1/8/2010,2.155
1/11/2010,2.143
1/12/2010,2.098
1/13/2010,2.06
1/14/2010,2.074
1/15/2010,2.045
1/19/2010,2.059
1/20/2010,2.047
1/21/2010,1.983
1/22/2010,1.966
1/25/2010,2.001
1/26/2010,1.967
1/27/2010,1.939
1/28/2010,1.917
1/29/2010,1.903
2/1/2010,1.932
2/2/2010,2.018
2/3/2010,2.036
2/4/2010,1.951
2/8/2010,1.894
2/9/2010,1.929
2/10/2010,1.929
2/11/2010,1.936
2/12/2010,1.93
2/16/2010,1.988
2/17/2010,2.007
2/18/2010,2.069
2/19/2010,2.086
2/22/2010,2.116
2/23/2010,2.066
2/24/2010,2.099
2/25/2010,2.037
2/26/2010,2.079
3/1/2010,2.156
3/2/2010,2.197
3/3/2010,2.248
3/4/2010,2.234
3/5/2010,2.271
3/8/2010,2.289
3/9/2010,2.26
3/10/2010,2.285
3/11/2010,2.272
3/12/2010,2.255
3/15/2010,2.223
3/16/2010,2.275
3/17/2010,2.31
3/18/2010,2.301
3/19/2010,2.256
3/22/2010,2.256
3/23/2010,2.263
3/24/2010,2.221
3/25/2010,2.218
3/26/2010,2.207
3/29/2010,2.261
3/30/2010,2.275
3/31/2010,2.31
4/1/2010,2.324
4/5/2010,2.35
4/6/2010,2.35
4/7/2010,2.315
4/8/2010,2.298
4/9/2010,2.289
4/12/2010,2.296
4/13/2010,2.309
4/14/2010,2.333
4/15/2010,2.326
4/16/2010,2.277
4/19/2010,2.254
4/20/2010,2.281
4/21/2010,2.283
4/22/2010,2.3
4/23/2010,2.353
4/26/2010,2.341
4/27/2010,2.327
4/28/2010,2.333
4/29/2010,2.356
4/30/2010,2.396
5/3/2010,2.435
5/4/2010,2.322
5/5/2010,2.22
5/6/2010,2.156
5/7/2010,2.125
5/10/2010,2.173
5/11/2010,2.195
5/12/2010,2.21
5/13/2010,2.195
5/14/2010,2.131
5/17/2010,2.043
5/18/2010,2.043
5/19/2010,2.015
5/20/2010,1.965
5/21/2010,1.961
5/24/2010,1.971
5/25/2010,1.931
5/26/2010,1.97
5/27/2010,2.039
5/28/2010,2.02
6/1/2010,1.983
6/2/2010,2.026
6/3/2010,2.081
6/4/2010,1.995
6/7/2010,1.995
6/8/2010,1.989
6/9/2010,2.04
6/10/2010,2.071
6/11/2010,2.05
6/14/2010,2.076
6/15/2010,2.122
6/16/2010,2.145
6/17/2010,2.164
6/18/2010,2.148
6/21/2010,2.143
6/22/2010,2.134
6/23/2010,2.082
6/24/2010,2.094
6/25/2010,2.168
6/28/2010,2.138
6/29/2010,2.072
6/30/2010,2.061
7/1/2010,1.998
7/2/2010,1.978
7/6/2010,1.971
7/7/2010,2.025
7/8/2010,2.051
7/9/2010,2.07
7/12/2010,2.028
7/13/2010,2.082
7/14/2010,2.067
7/15/2010,2.061
7/16/2010,2.049
7/19/2010,2.059
7/20/2010,2.079
7/21/2010,2.068
7/22/2010,2.147
7/23/2010,2.122
7/26/2010,2.106
7/27/2010,2.063
7/28/2010,2.063
7/29/2010,2.097
7/30/2010,2.107
8/2/2010,2.169
8/3/2010,2.194
8/4/2010,2.175
8/5/2010,2.164
8/6/2010,2.113
8/9/2010,2.119
8/10/2010,2.085
8/11/2010,1.998
8/12/2010,1.955
8/13/2010,1.94
8/16/2010,1.924
8/17/2010,1.953
8/18/2010,1.961
8/19/2010,1.929
8/20/2010,1.925
8/23/2010,1.881
8/24/2010,1.849
8/25/2010,1.864
8/26/2010,1.909
8/27/2010,1.948
8/30/2010,1.934
8/31/2010,1.889
9/1/2010,1.889
9/2/2010,1.922
9/3/2010,1.92
9/7/2010,1.933
9/8/2010,1.939
9/9/2010,1.935
9/10/2010,1.973
9/13/2010,1.981
9/14/2010,1.969
9/15/2010,1.963
9/16/2010,1.925
9/17/2010,1.919
9/20/2010,1.95
9/21/2010,1.92
9/22/2010,1.901
9/23/2010,1.917
9/24/2010,1.947
9/27/2010,1.949
9/28/2010,1.948
9/29/2010,1.996
9/30/2010,2.045
10/1/2010,2.086
10/4/2010,2.093
10/5/2010,2.126
10/6/2010,2.156
10/7/2010,2.118
10/8/2010,2.151
10/11/2010,2.166
10/12/2010,2.124
10/13/2010,2.166
10/14/2010,2.137
10/15/2010,2.104
10/18/2010,2.152
10/19/2010,2.048
10/20/2010,2.083
10/21/2010,2.041
10/22/2010,2.064
10/25/2010,2.077
10/26/2010,2.094
10/27/2010,2.102
10/28/2010,2.114
10/29/2010,2.105
11/1/2010,2.093
11/2/2010,2.11
11/3/2010,2.138
11/4/2010,2.177
11/5/2010,2.18
11/8/2010,2.179
11/9/2010,2.185
11/10/2010,2.236
11/11/2010,2.236
11/12/2010,2.21
11/15/2010,2.195
11/16/2010,2.156
11/17/2010,2.158
11/18/2010,2.228
11/19/2010,2.196
11/22/2010,2.152
11/23/2010,2.134
11/24/2010,2.214
11/26/2010,2.21
11/29/2010,2.285
11/30/2010,2.265
12/1/2010,2.3
12/2/2010,2.355
12/3/2010,2.352
12/6/2010,2.342
12/7/2010,2.323
12/8/2010,2.305
12/9/2010,2.341
12/10/2010,2.309
12/13/2010,2.318
12/14/2010,2.296
12/15/2010,2.309
12/16/2010,2.304
12/17/2010,2.318
12/20/2010,2.378
12/21/2010,2.399
12/22/2010,2.425
12/23/2010,2.443
12/27/2010,2.421
12/28/2010,2.406
12/29/2010,2.39
12/30/2010,2.392
12/31/2010,2.453
1/3/2011,2.427
1/4/2011,2.414
1/5/2011,2.445
1/6/2011,2.443
1/7/2011,2.413
1/10/2011,2.454
1/11/2011,2.478
1/12/2011,2.463
1/13/2011,2.446
1/14/2011,2.495
1/18/2011,2.479
1/19/2011,2.482
1/20/2011,2.423
1/21/2011,2.459
1/24/2011,2.413
1/25/2011,2.343
1/26/2011,2.431
1/27/2011,2.382
1/28/2011,2.457
1/31/2011,2.491
2/1/2011,2.519
2/2/2011,2.499
2/3/2011,2.503
2/4/2011,2.435
2/7/2011,2.451
2/8/2011,2.494
2/9/2011,2.526
2/10/2011,2.47
2/11/2011,2.465
2/14/2011,2.517
2/15/2011,2.489
2/16/2011,2.545
2/17/2011,2.528
2/18/2011,2.551
2/22/2011,2.602
2/23/2011,2.715
2/24/2011,2.717
2/25/2011,2.74
2/28/2011,2.73
3/1/2011,2.983
3/2/2011,3.03
3/3/2011,3.026
3/4/2011,3.046
3/7/2011,3.004
3/8/2011,2.947
3/9/2011,3.027
3/10/2011,3.02
3/11/2011,2.988
3/14/2011,2.96
3/15/2011,2.803
3/16/2011,2.844
3/17/2011,2.951
3/18/2011,2.949
3/21/2011,2.997
3/22/2011,3.005
3/23/2011,3.021
3/24/2011,3.045
3/25/2011,3.045
3/28/2011,3.027
3/29/2011,3.046
3/30/2011,3.064
3/31/2011,3.108
4/1/2011,3.151
4/4/2011,3.169
4/5/2011,3.201
4/6/2011,3.193
4/7/2011,3.187
4/8/2011,3.261
4/11/2011,3.201
4/12/2011,3.164
4/13/2011,3.242
4/14/2011,3.235
4/15/2011,3.289
4/18/2011,3.253
4/19/2011,3.233
4/20/2011,3.277
4/21/2011,3.309
4/25/2011,3.323
4/26/2011,3.357
4/27/2011,3.419
4/28/2011,3.43
4/29/2011,3.465
5/2/2011,3.348
5/3/2011,3.329
5/4/2011,3.323
5/5/2011,3.095
5/6/2011,3.09
5/9/2011,3.278
5/10/2011,3.38
5/11/2011,3.123
5/12/2011,3.064
5/13/2011,3.074
5/16/2011,2.931
5/17/2011,2.919
5/18/2011,2.956
5/19/2011,2.926
5/20/2011,2.936
5/23/2011,2.938
5/24/2011,2.993
5/25/2011,3.016
5/26/2011,3.048
5/27/2011,3.092
5/31/2011,3.15
6/1/2011,2.977
6/2/2011,2.968
6/3/2011,2.993
6/6/2011,2.95
6/7/2011,2.992
6/8/2011,2.979
6/9/2011,3.04
6/10/2011,3.018
6/13/2011,2.997
6/14/2011,3.065
6/15/2011,2.924
6/16/2011,2.949
6/17/2011,2.946
6/20/2011,2.912
6/21/2011,2.883
6/22/2011,2.973
6/23/2011,2.838
6/24/2011,2.777
6/27/2011,2.808
6/28/2011,2.89
6/29/2011,3.01
6/30/2011,3.032
7/1/2011,2.973
7/5/2011,2.977
7/6/2011,2.998
7/7/2011,3.127
7/8/2011,3.093
7/11/2011,3.071
7/12/2011,3.098
7/13/2011,3.152
7/14/2011,3.125
7/15/2011,3.129
7/18/2011,3.097
7/19/2011,3.115
7/20/2011,3.147
7/21/2011,3.1
7/22/2011,3.13
7/25/2011,3.126
7/26/2011,3.154
7/27/2011,3.142
7/28/2011,3.118
7/29/2011,3.113
8/1/2011,3.054
8/2/2011,3.037
8/3/2011,2.931
8/4/2011,2.737
8/5/2011,2.805
8/8/2011,2.692
8/9/2011,2.668
8/10/2011,2.783
8/11/2011,2.827
8/12/2011,2.822
8/15/2011,2.875
8/16/2011,2.854
8/17/2011,2.87
8/18/2011,2.783
8/19/2011,2.841
8/22/2011,2.835
8/23/2011,2.877
8/24/2011,2.878
8/25/2011,2.968
8/26/2011,2.935
8/29/2011,2.906
8/30/2011,2.996
8/31/2011,3.032
9/1/2011,2.893
9/2/2011,2.84
9/6/2011,2.823
9/7/2011,2.908
9/8/2011,2.885
9/9/2011,2.771
9/12/2011,2.738
9/13/2011,2.742
9/14/2011,2.726
9/15/2011,2.783
9/16/2011,2.784
9/19/2011,2.697
9/20/2011,2.701
9/21/2011,2.667
9/22/2011,2.56
9/23/2011,2.555
9/26/2011,2.569
9/27/2011,2.696
9/28/2011,2.651
9/29/2011,2.619
9/30/2011,2.626
10/3/2011,2.511
10/4/2011,2.488
10/5/2011,2.569
10/6/2011,2.686
10/7/2011,2.648
10/10/2011,2.695
10/11/2011,2.748
10/12/2011,2.749
10/13/2011,2.758
10/14/2011,2.825
10/17/2011,2.743
10/18/2011,2.747
10/19/2011,2.672
10/20/2011,2.676
10/21/2011,2.685
10/24/2011,2.689
10/25/2011,2.7
10/26/2011,2.652
10/27/2011,2.742
10/28/2011,2.682
10/31/2011,2.643
11/1/2011,2.624
11/2/2011,2.627
11/3/2011,2.642
11/4/2011,2.663
11/7/2011,2.728
11/8/2011,2.706
11/9/2011,2.644
11/10/2011,2.637
11/11/2011,2.604
11/14/2011,2.535
11/15/2011,2.586
11/16/2011,2.627
11/17/2011,2.507
11/18/2011,2.478
11/21/2011,2.489
11/22/2011,2.562
11/23/2011,2.518
11/25/2011,2.449
11/28/2011,2.518
11/29/2011,2.539
11/30/2011,2.568
12/1/2011,2.558
12/2/2011,2.616
12/5/2011,2.614
12/6/2011,2.645
12/7/2011,2.587
12/8/2011,2.567
12/9/2011,2.596
12/12/2011,2.564
12/13/2011,2.625
12/14/2011,2.504
12/15/2011,2.488
12/16/2011,2.487
12/19/2011,2.489
12/20/2011,2.579
12/21/2011,2.62
12/22/2011,2.64
12/23/2011,2.687
12/27/2011,2.689
12/28/2011,2.651
12/29/2011,2.68
1/3/2012,2.749
1/4/2012,2.785
1/5/2012,2.737
1/6/2012,2.752
1/9/2012,2.759
1/10/2012,2.773
1/11/2012,2.763
1/12/2012,2.731
1/13/2012,2.734
1/17/2012,2.771
1/18/2012,2.825
1/19/2012,2.816
1/20/2012,2.784
1/23/2012,2.778
1/24/2012,2.805
1/25/2012,2.834
1/26/2012,2.847
1/27/2012,2.927
1/30/2012,2.871
1/31/2012,2.887
2/1/2012,2.892
2/2/2012,2.869
2/3/2012,2.914
2/6/2012,2.928
2/7/2012,2.928
2/8/2012,2.975
2/9/2012,3.013
2/10/2012,2.975
2/13/2012,3.013
2/14/2012,2.983
2/15/2012,3.007
2/16/2012,3.047
2/17/2012,3.016
2/21/2012,3.07
2/22/2012,3.088
2/23/2012,3.114
2/24/2012,3.153
2/27/2012,3.128
2/28/2012,3.04
2/29/2012,3.042
3/1/2012,3.352
3/2/2012,3.272
3/5/2012,3.258
3/6/2012,3.23
3/7/2012,3.287
3/8/2012,3.314
3/9/2012,3.332
3/12/2012,3.323
3/13/2012,3.355
3/14/2012,3.347
3/15/2012,3.289
3/16/2012,3.357
3/19/2012,3.368
3/20/2012,3.363
3/21/2012,3.357
3/22/2012,3.34
3/23/2012,3.385
3/26/2012,3.417
3/27/2012,3.406
3/28/2012,3.396
3/29/2012,3.401
3/30/2012,3.39
4/2/2012,3.382
4/3/2012,3.395
4/4/2012,3.334
4/5/2012,3.341
4/9/2012,3.297
4/10/2012,3.25
4/11/2012,3.296
4/12/2012,3.357
4/13/2012,3.346
4/16/2012,3.267
4/17/2012,3.234
4/18/2012,3.203
4/19/2012,3.154
4/20/2012,3.143
4/23/2012,3.187
4/24/2012,3.159
4/25/2012,3.156
4/26/2012,3.183
4/27/2012,3.206
4/30/2012,3.184
5/1/2012,3.097
5/2/2012,3.076
5/3/2012,3.05
5/4/2012,2.976
5/7/2012,2.974
5/8/2012,2.994
5/9/2012,3.024
5/10/2012,3.01
5/11/2012,3.001
5/14/2012,2.959
5/15/2012,2.944
5/16/2012,2.921
5/17/2012,2.878
5/18/2012,2.89
5/21/2012,2.94
5/22/2012,2.937
5/23/2012,2.872
5/24/2012,2.877
5/25/2012,2.893
5/29/2012,2.907
5/30/2012,2.858
5/31/2012,2.825
6/1/2012,2.657
6/4/2012,2.671
6/5/2012,2.685
6/6/2012,2.69
6/7/2012,2.685
6/8/2012,2.685
6/11/2012,2.657
6/12/2012,2.65
6/13/2012,2.655
6/14/2012,2.676
6/15/2012,2.702
6/18/2012,2.661
6/19/2012,2.642
6/20/2012,2.59
6/21/2012,2.55
6/22/2012,2.57
6/25/2012,2.646
6/26/2012,2.645
6/27/2012,2.62
6/28/2012,2.614
6/29/2012,2.727
7/2/2012,2.624
7/3/2012,2.723
7/5/2012,2.765
7/6/2012,2.716
7/9/2012,2.759
7/10/2012,2.747
7/11/2012,2.769
7/12/2012,2.806
7/13/2012,2.816
7/16/2012,2.855
7/17/2012,2.845
7/18/2012,2.883
7/19/2012,2.939
7/20/2012,2.943
7/23/2012,2.883
7/24/2012,2.825
7/25/2012,2.793
7/26/2012,2.814
7/27/2012,2.888
7/30/2012,2.937
7/31/2012,2.915
8/1/2012,2.834
8/2/2012,2.87
8/3/2012,2.931
8/6/2012,2.922
8/7/2012,2.991
8/8/2012,2.98
8/9/2012,3.001
8/10/2012,3.004
8/13/2012,2.991
8/14/2012,3.001
8/15/2012,3.084
8/16/2012,3.083
8/17/2012,3.028
8/20/2012,3.031
8/21/2012,3.065
8/22/2012,3.104
8/23/2012,3.116
8/24/2012,3.078
8/27/2012,3.155
8/28/2012,3.126
8/29/2012,3.1
8/30/2012,3.083
8/31/2012,3.106
9/4/2012,2.952
9/5/2012,2.95
9/6/2012,2.991
9/7/2012,3.02
9/10/2012,3.024
9/11/2012,3.044
9/12/2012,3.002
9/13/2012,2.962
9/14/2012,3.016
9/17/2012,2.943
9/18/2012,2.899
9/19/2012,2.829
9/20/2012,2.904
9/21/2012,2.943
9/24/2012,2.918
9/25/2012,2.967
9/26/2012,3.081
9/27/2012,3.144
9/28/2012,3.342
10/1/2012,2.92
10/2/2012,2.869
10/3/2012,2.8
10/4/2012,2.943
10/5/2012,2.953
10/8/2012,2.893
10/9/2012,2.959
10/10/2012,2.959
10/11/2012,2.956
10/12/2012,2.893
10/15/2012,2.85
10/16/2012,2.845
10/17/2012,2.782
10/18/2012,2.745
10/19/2012,2.696
10/22/2012,2.648
10/23/2012,2.605
10/24/2012,2.603
10/25/2012,2.676
10/26/2012,2.699
10/29/2012,2.757
10/30/2012,2.729
10/31/2012,2.762
11/1/2012,2.634
11/2/2012,2.574
11/5/2012,2.62
11/6/2012,2.699
11/7/2012,2.589
11/8/2012,2.607
11/9/2012,2.699
11/12/2012,2.676
11/13/2012,2.654
11/14/2012,2.679
11/15/2012,2.696
11/16/2012,2.71
11/19/2012,2.755
11/20/2012,2.713
11/21/2012,2.75
11/23/2012,2.744
11/26/2012,2.726
11/27/2012,2.732
11/28/2012,2.734
11/29/2012,2.787
11/30/2012,2.761
12/3/2012,2.727
12/4/2012,2.689
12/5/2012,2.638
12/6/2012,2.597
12/7/2012,2.597
12/10/2012,2.598
12/11/2012,2.611
12/12/2012,2.647
12/13/2012,2.602
12/14/2012,2.662
12/17/2012,2.655
12/18/2012,2.691
12/19/2012,2.743
12/20/2012,2.754
12/21/2012,2.735
12/24/2012,2.751
12/26/2012,2.816
12/27/2012,2.821
12/28/2012,2.8
12/31/2012,2.812
1/2/2013,2.795
1/3/2013,2.798
1/4/2013,2.764
1/7/2013,2.777
1/8/2013,2.794
1/9/2013,2.779
1/10/2013,2.793
1/11/2013,2.74
1/14/2013,2.754
1/15/2013,2.707
1/16/2013,2.721
1/17/2013,2.768
1/18/2013,2.797
1/22/2013,2.83
1/23/2013,2.834
1/24/2013,2.863
1/25/2013,2.875
1/28/2013,2.935
1/29/2013,2.973
1/30/2013,3.039
1/31/2013,3.026
2/1/2013,3.054
2/4/2013,3.012
2/5/2013,3.037
2/6/2013,3.04
2/7/2013,3
2/8/2013,3.059
2/11/2013,3.021
2/12/2013,3.05
2/13/2013,3.035
2/14/2013,3.117
2/15/2013,3.135
2/19/2013,3.121
2/20/2013,3.06
2/21/2013,3.037
2/22/2013,3.08
2/25/2013,3.061
2/26/2013,2.982
2/27/2013,2.857
2/28/2013,2.915
3/1/2013,3.129
3/4/2013,3.098
3/5/2013,3.148
3/6/2013,3.125
3/7/2013,3.123
3/8/2013,3.204
3/11/2013,3.152
3/12/2013,3.15
3/13/2013,3.142
3/14/2013,3.141
3/15/2013,3.164
3/18/2013,3.129
3/19/2013,3.045
3/20/2013,3.116
3/21/2013,3.071
3/22/2013,3.063
3/25/2013,3.063
3/26/2013,3.111
3/27/2013,3.116
3/28/2013,3.105
4/1/2013,3.102
4/2/2013,3.041
4/3/2013,2.914
4/4/2013,2.899
4/5/2013,2.864
4/8/2013,2.909
4/9/2013,2.942
4/10/2013,2.865
4/11/2013,2.831
4/12/2013,2.802
4/15/2013,2.758
4/16/2013,2.782
4/17/2013,2.729
4/18/2013,2.756
4/19/2013,2.772
4/22/2013,2.769
4/23/2013,2.719
4/24/2013,2.747
4/25/2013,2.812
4/26/2013,2.835
4/29/2013,2.828
4/30/2013,2.801
5/1/2013,2.719
5/2/2013,2.781
5/3/2013,2.825
5/6/2013,2.866
5/7/2013,2.833
5/8/2013,2.854
5/9/2013,2.885
5/10/2013,2.86
5/13/2013,2.821
5/14/2013,2.838
5/15/2013,2.867
5/16/2013,2.882
5/17/2013,2.907
5/20/2013,2.906
5/21/2013,2.846
5/22/2013,2.819
5/23/2013,2.828
5/24/2013,2.839
5/28/2013,2.853
5/29/2013,2.803
5/30/2013,2.813
5/31/2013,2.779
6/3/2013,2.785
6/4/2013,2.818
6/5/2013,2.823
6/6/2013,2.851
6/7/2013,2.872
6/10/2013,2.848
6/11/2013,2.823
6/12/2013,2.81
6/13/2013,2.861
6/14/2013,2.897
6/17/2013,2.856
6/18/2013,2.879
6/19/2013,2.892
6/20/2013,2.787
6/21/2013,2.762
6/24/2013,2.738
6/25/2013,2.737
6/26/2013,2.731
6/27/2013,2.743
6/28/2013,2.752
7/1/2013,2.738
7/2/2013,2.783
7/3/2013,2.838
7/5/2013,2.897
7/8/2013,2.884
7/9/2013,2.926
7/10/2013,3.015
7/11/2013,3.021
7/12/2013,3.118
7/15/2013,3.103
7/16/2013,3.134
7/17/2013,3.11
7/18/2013,3.11
7/19/2013,3.123
7/22/2013,3.055
7/23/2013,3.059
7/24/2013,3.055
7/25/2013,3.017
7/26/2013,3.044
7/29/2013,3.013
7/30/2013,3.019
7/31/2013,3.044
8/1/2013,3.028
8/2/2013,2.995
8/5/2013,2.951
8/6/2013,2.915
8/7/2013,2.871
8/8/2013,2.858
8/9/2013,2.908
8/12/2013,2.904
8/13/2013,2.943
8/14/2013,2.983
8/15/2013,2.985
8/16/2013,2.968
8/19/2013,2.933
8/20/2013,2.927
8/21/2013,2.938
8/22/2013,2.965
8/23/2013,3.007
8/26/2013,2.952
8/27/2013,3.034
8/28/2013,3.095
8/29/2013,3.066
8/30/2013,3.019
9/3/2013,2.865
9/4/2013,2.864
9/5/2013,2.836
9/6/2013,2.854
9/9/2013,2.802
9/10/2013,2.736
9/11/2013,2.712
9/12/2013,2.763
9/13/2013,2.77
9/16/2013,2.717
9/17/2013,2.661
9/18/2013,2.742
9/19/2013,2.697
9/20/2013,2.684
9/23/2013,2.623
9/24/2013,2.659
9/25/2013,2.673
9/26/2013,2.705
9/27/2013,2.676
9/30/2013,2.635
10/1/2013,2.611
10/2/2013,2.629
10/3/2013,2.64
10/4/2013,2.608
10/7/2013,2.626
10/8/2013,2.631
10/9/2013,2.623
10/10/2013,2.698
10/11/2013,2.668
10/14/2013,2.667
10/15/2013,2.66
10/16/2013,2.702
10/17/2013,2.648
10/18/2013,2.673
10/21/2013,2.654
10/22/2013,2.617
10/23/2013,2.552
10/24/2013,2.59
10/25/2013,2.587
10/28/2013,2.631
10/29/2013,2.61
10/30/2013,2.651
10/31/2013,2.634
11/1/2013,2.545
11/4/2013,2.528
11/5/2013,2.516
11/6/2013,2.548
11/7/2013,2.503
11/8/2013,2.553
11/11/2013,2.597
11/12/2013,2.586
11/13/2013,2.628
11/14/2013,2.684
11/15/2013,2.658
11/18/2013,2.657
11/19/2013,2.64
11/20/2013,2.663
11/21/2013,2.744
11/22/2013,2.726
11/25/2013,2.681
11/26/2013,2.687
11/27/2013,2.698
11/28/2013,2.698
11/29/2013,2.684
12/2/2013,2.678
12/3/2013,2.724
12/4/2013,2.719
12/5/2013,2.713
12/6/2013,2.727
12/9/2013,2.675
12/10/2013,2.683
12/11/2013,2.661
12/12/2013,2.635
12/13/2013,2.629
12/16/2013,2.644
12/17/2013,2.647
12/18/2013,2.697
12/19/2013,2.74
12/20/2013,2.783
12/23/2013,2.78
12/24/2013,2.814
12/26/2013,2.82
12/27/2013,2.816
12/30/2013,2.788
12/31/2013,2.786
1/2/2014,2.695
1/3/2014,2.649
1/6/2014,2.646
1/7/2014,2.679
1/8/2014,2.656
1/9/2014,2.643
1/10/2014,2.669
1/13/2014,2.634
1/14/2014,2.622
1/15/2014,2.626
1/16/2014,2.595
1/17/2014,2.62
1/21/2014,2.621
1/22/2014,2.677
1/23/2014,2.662
1/24/2014,2.663
1/27/2014,2.622
1/28/2014,2.628
1/29/2014,2.661
1/30/2014,2.663
1/31/2014,2.627
2/3/2014,2.607
2/4/2014,2.603
2/5/2014,2.641
2/6/2014,2.683
2/7/2014,2.749
2/10/2014,2.725
2/11/2014,2.753
2/12/2014,2.763
2/13/2014,2.777
2/14/2014,2.805
2/18/2014,2.832
2/19/2014,2.825
2/20/2014,2.847
2/21/2014,2.833
2/24/2014,2.834
2/25/2014,2.798
2/26/2014,2.799
2/27/2014,2.762
2/28/2014,2.79
3/3/2014,3.02
3/4/2014,2.985
3/5/2014,2.94
3/6/2014,2.946
3/7/2014,2.974
3/10/2014,2.949
3/11/2014,2.967
3/12/2014,2.956
3/13/2014,2.933
3/14/2014,2.96
3/17/2014,2.881
3/18/2014,2.903
3/19/2014,2.869
3/20/2014,2.896
3/21/2014,2.908
3/24/2014,2.891
3/25/2014,2.883
3/26/2014,2.909
3/27/2014,2.943
3/28/2014,2.938
3/31/2014,2.911
4/1/2014,2.87
4/2/2014,2.867
4/3/2014,2.912
4/4/2014,2.931
4/7/2014,2.926
4/8/2014,2.98
4/9/2014,3.008
4/10/2014,3.008
4/11/2014,3.014
4/14/2014,3.038
4/15/2014,3.042
4/16/2014,3.041
4/17/2014,3.055
4/21/2014,3.087
4/22/2014,3.095
4/23/2014,3.094
4/24/2014,3.09
4/25/2014,3.075
4/28/2014,3.04
4/29/2014,3.063
4/30/2014,3.008
5/1/2014,2.939
5/2/2014,2.945
5/5/2014,2.909
5/6/2014,2.886
5/7/2014,2.918
5/8/2014,2.905
5/9/2014,2.896
5/12/2014,2.915
5/13/2014,2.93
5/14/2014,2.969
5/15/2014,2.964
5/16/2014,2.974
5/19/2014,2.965
5/20/2014,2.964
5/21/2014,2.994
5/22/2014,3.006
5/23/2014,3.024
5/27/2014,2.995
5/28/2014,3.006
5/29/2014,3.014
5/30/2014,2.997
6/2/2014,2.95
6/3/2014,2.949
6/4/2014,2.935
6/5/2014,2.956
6/6/2014,2.939
6/9/2014,2.985
6/10/2014,2.975
6/11/2014,3.001
6/12/2014,3.084
6/13/2014,3.058
6/16/2014,3.072
6/17/2014,3.091
6/18/2014,3.098
6/19/2014,3.126
6/20/2014,3.128
6/23/2014,3.108
6/24/2014,3.126
6/25/2014,3.093
6/26/2014,3.086
6/27/2014,3.099
6/30/2014,3.077
7/1/2014,3.037
7/2/2014,3.024
7/3/2014,3.02
7/7/2014,2.989
7/8/2014,2.973
7/9/2014,2.938
7/10/2014,2.958
7/11/2014,2.909
7/14/2014,2.925
7/15/2014,2.899
7/16/2014,2.883
7/17/2014,2.882
7/18/2014,2.86
7/21/2014,2.891
7/22/2014,2.881
7/23/2014,2.86
7/24/2014,2.837
7/25/2014,2.865
7/28/2014,2.849
7/29/2014,2.871
7/30/2014,2.843
7/31/2014,2.831
8/1/2014,2.744
8/4/2014,2.725
8/5/2014,2.716
8/6/2014,2.74
8/7/2014,2.772
8/8/2014,2.754
8/11/2014,2.753
8/12/2014,2.735
8/13/2014,2.754
8/14/2014,2.667
8/15/2014,2.699
8/18/2014,2.656
8/19/2014,2.695
8/20/2014,2.713
8/21/2014,2.748
8/22/2014,2.738
8/25/2014,2.75
8/26/2014,2.763
8/27/2014,2.746
8/28/2014,2.753
8/29/2014,2.783
9/2/2014,2.543
9/3/2014,2.62
9/4/2014,2.6
9/5/2014,2.583
9/8/2014,2.562
9/9/2014,2.548
9/10/2014,2.527
9/11/2014,2.524
9/12/2014,2.519
9/15/2014,2.531
9/16/2014,2.559
9/17/2014,2.569
9/18/2014,2.561
9/19/2014,2.611
9/22/2014,2.585
9/23/2014,2.629
9/24/2014,2.664
9/25/2014,2.718
9/26/2014,2.662
9/29/2014,2.696
9/30/2014,2.587
10/1/2014,2.45
10/2/2014,2.409
10/3/2014,2.379
10/6/2014,2.413
10/7/2014,2.368
10/8/2014,2.318
10/9/2014,2.275
10/10/2014,2.258
10/13/2014,2.255
10/14/2014,2.18
10/15/2014,2.149
10/16/2014,2.211
10/17/2014,2.233
10/20/2014,2.2
10/21/2014,2.213
10/22/2014,2.156
10/23/2014,2.207
10/24/2014,2.182
10/27/2014,2.17
10/28/2014,2.196
10/29/2014,2.221
10/30/2014,2.196
10/31/2014,2.17
11/3/2014,2.118
11/4/2014,2.078
11/5/2014,2.087
11/6/2014,2.13
11/7/2014,2.135
11/10/2014,2.101
11/11/2014,2.104
11/12/2014,2.107
11/13/2014,2.002
11/14/2014,2.043
11/17/2014,2.026
11/18/2014,2.043
11/19/2014,2.044
11/20/2014,2.028
11/21/2014,2.057
11/24/2014,2.033
11/25/2014,2.032
11/26/2014,2.035
11/28/2014,1.904
12/1/2014,1.881
12/2/2014,1.812
12/3/2014,1.807
12/4/2014,1.795
12/5/2014,1.773
12/8/2014,1.707
12/9/2014,1.724
12/10/2014,1.642
12/11/2014,1.624
12/12/2014,1.597
12/15/2014,1.576
12/16/2014,1.541
12/17/2014,1.566
12/18/2014,1.527
12/19/2014,1.56
12/22/2014,1.535
12/23/2014,1.57
12/24/2014,1.513
12/26/2014,1.509
12/29/2014,1.453
12/30/2014,1.454
12/31/2014,1.435
1/2/2015,1.433
1/5/2015,1.381
1/6/2015,1.354
1/7/2015,1.338
1/8/2015,1.341
1/9/2015,1.323
1/12/2015,1.275
1/13/2015,1.269
1/14/2015,1.351
1/15/2015,1.299
1/16/2015,1.359
1/20/2015,1.313
1/21/2015,1.326
1/22/2015,1.331
1/23/2015,1.348
1/26/2015,1.317
1/27/2015,1.35
1/28/2015,1.345
1/29/2015,1.354
1/30/2015,1.415
2/2/2015,1.545
2/3/2015,1.601
2/4/2015,1.482
2/5/2015,1.525
2/6/2015,1.559
2/9/2015,1.578
2/10/2015,1.552
2/11/2015,1.543
2/12/2015,1.596
2/13/2015,1.626
2/17/2015,1.59
2/18/2015,1.574
2/19/2015,1.616
2/20/2015,1.641
2/23/2015,1.646
2/24/2015,1.62
2/25/2015,1.719
2/26/2015,1.708
2/27/2015,1.768
3/2/2015,1.897
3/3/2015,1.95
3/4/2015,1.926
3/5/2015,1.887
3/6/2015,1.882
3/9/2015,1.875
3/10/2015,1.818
3/11/2015,1.826
3/12/2015,1.81
3/13/2015,1.762
3/16/2015,1.729
3/17/2015,1.73
3/18/2015,1.799
3/19/2015,1.774
3/20/2015,1.798
3/23/2015,1.804
3/24/2015,1.8
3/25/2015,1.837
3/26/2015,1.882
3/27/2015,1.798
3/30/2015,1.801
3/31/2015,1.78
4/1/2015,1.831
4/2/2015,1.761
4/6/2015,1.843
4/7/2015,1.861
4/8/2015,1.739
4/9/2015,1.759
4/10/2015,1.807
4/13/2015,1.805
4/14/2015,1.836
4/15/2015,1.936
4/16/2015,1.935
4/17/2015,1.93
4/20/2015,1.932
4/21/2015,1.888
4/22/2015,1.925
4/23/2015,1.996
4/24/2015,2.008
4/27/2015,2.009
4/28/2015,2.002
4/29/2015,2.018
4/30/2015,2.05
5/1/2015,2.045
5/4/2015,2.034
5/5/2015,2.063
5/6/2015,2.037
5/7/2015,1.99
5/8/2015,1.992
5/11/2015,1.986
5/12/2015,2.039
5/13/2015,2.041
5/14/2015,2.058
5/15/2015,2.057
5/18/2015,2.041
5/19/2015,1.995
5/20/2015,2.041
5/21/2015,2.082
5/22/2015,2.054
5/26/2015,1.998
5/27/2015,1.945
5/28/2015,1.985
5/29/2015,2.086
6/1/2015,2.042
6/2/2015,2.065
6/3/2015,2.045
6/4/2015,1.981
6/5/2015,2.03
6/8/2015,2.008
6/9/2015,2.077
6/10/2015,2.146
6/11/2015,2.138
6/12/2015,2.121
6/15/2015,2.099
6/16/2015,2.125
6/17/2015,2.101
6/18/2015,2.11
6/19/2015,2.059
6/22/2015,2.03
6/23/2015,2.077
6/24/2015,2.056
6/25/2015,2.037
6/26/2015,2.049
6/29/2015,2.03
6/30/2015,2.09
7/1/2015,2.007
7/2/2015,2.034
7/6/2015,1.924
7/7/2015,1.949
7/8/2015,1.999
7/9/2015,2.045
7/10/2015,2.017
7/13/2015,1.94
7/14/2015,1.931
7/15/2015,1.859
7/16/2015,1.897
7/17/2015,1.929
7/20/2015,1.93
7/21/2015,1.921
7/22/2015,1.868
7/23/2015,1.852
7/24/2015,1.828
7/27/2015,1.82
7/28/2015,1.803
7/29/2015,1.822
7/30/2015,1.828
7/31/2015,1.841
8/3/2015,1.675
8/4/2015,1.685
8/5/2015,1.671
8/6/2015,1.648
8/7/2015,1.623
8/10/2015,1.694
8/11/2015,1.694
8/12/2015,1.764
8/13/2015,1.714
8/14/2015,1.687
8/17/2015,1.654
8/18/2015,1.647
8/19/2015,1.559
8/20/2015,1.535
8/21/2015,1.545
8/24/2015,1.471
8/25/2015,1.439
8/26/2015,1.355
8/27/2015,1.457
8/28/2015,1.522
8/31/2015,1.64
9/1/2015,1.396
9/2/2015,1.425
9/3/2015,1.437
9/4/2015,1.418
9/8/2015,1.402
9/9/2015,1.36
9/10/2015,1.394
9/11/2015,1.37
9/14/2015,1.304
9/15/2015,1.333
9/16/2015,1.382
9/17/2015,1.376
9/18/2015,1.356
9/21/2015,1.403
9/22/2015,1.416
9/23/2015,1.382
9/24/2015,1.365
9/25/2015,1.396
9/28/2015,1.349
9/29/2015,1.363
9/30/2015,1.389
10/1/2015,1.367
10/2/2015,1.341
10/5/2015,1.385
10/6/2015,1.436
10/7/2015,1.39
10/8/2015,1.408
10/9/2015,1.417
10/13/2015,1.314
10/14/2015,1.308
10/15/2015,1.307
10/16/2015,1.328
10/19/2015,1.251
10/20/2015,1.278
10/21/2015,1.517
10/22/2015,1.307
10/23/2015,1.304
10/26/2015,1.288
10/27/2015,1.287
10/28/2015,1.35
10/29/2015,1.35
10/30/2015,1.405
11/2/2015,1.375
11/3/2015,1.446
11/4/2015,1.392
11/5/2015,1.361
11/6/2015,1.37
11/9/2015,1.371
11/10/2015,1.362
11/12/2015,1.273
11/13/2015,1.239
11/16/2015,1.239
11/17/2015,1.238
11/18/2015,1.266
11/19/2015,1.288
11/20/2015,1.29
11/23/2015,1.313
11/24/2015,1.39
11/25/2015,1.396
11/27/2015,1.391
11/30/2015,1.359
12/1/2015,1.363
12/2/2015,1.293
12/3/2015,1.296
12/4/2015,1.27
12/7/2015,1.209
12/8/2015,1.204
12/9/2015,1.232
12/10/2015,1.28
12/11/2015,1.282
12/14/2015,1.256
12/15/2015,1.244
12/16/2015,1.233
12/17/2015,1.262
12/18/2015,1.275
12/21/2015,1.209
12/22/2015,1.175
12/23/2015,1.241
12/24/2015,1.264
12/28/2015,1.233
12/29/2015,1.276
12/30/2015,1.23
12/31/2015,1.267
1/4/2016,1.291
1/5/2016,1.257
1/6/2016,1.162
1/7/2016,1.146
1/8/2016,1.128
1/11/2016,1.113
1/12/2016,1.085
1/13/2016,1.053
1/14/2016,1.068
1/15/2016,1.021
1/19/2016,1.026
1/20/2016,1.018
1/21/2016,1.031
1/22/2016,1.084
1/25/2016,1.03
1/26/2016,1.047
1/27/2016,1.046
1/28/2016,1.079
1/29/2016,1.103
2/1/2016,1.083
2/2/2016,1.001
2/3/2016,1.014
2/4/2016,1.028
2/5/2016,0.993
2/8/2016,0.956
2/9/2016,0.899
2/10/2016,0.943
2/11/2016,0.942
2/12/2016,1.043
2/16/2016,0.971
2/17/2016,1.003
2/18/2016,0.972
2/19/2016,0.959
2/22/2016,1.001
2/23/2016,0.966
2/24/2016,1.01
2/25/2016,1.056
2/26/2016,1.017
2/29/2016,1.05
3/1/2016,1.304
3/2/2016,1.311
3/3/2016,1.299
3/4/2016,1.332
3/7/2016,1.393
3/8/2016,1.388
3/9/2016,1.471
3/10/2016,1.439
3/11/2016,1.444
3/14/2016,1.423
3/15/2016,1.408
3/16/2016,1.418
3/17/2016,1.438
3/18/2016,1.427
3/21/2016,1.459
3/22/2016,1.497
3/23/2016,1.454
3/24/2016,1.466
3/28/2016,1.468
3/29/2016,1.454
3/30/2016,1.436
3/31/2016,1.427
4/1/2016,1.402
4/4/2016,1.377
4/5/2016,1.378
4/6/2016,1.395
4/7/2016,1.381
4/8/2016,1.464
4/11/2016,1.508
4/12/2016,1.534
4/13/2016,1.53
4/14/2016,1.506
4/15/2016,1.461
4/18/2016,1.437
4/19/2016,1.48
4/20/2016,1.507
4/21/2016,1.516
4/22/2016,1.531
4/25/2016,1.513
4/26/2016,1.566
4/27/2016,1.581
4/28/2016,1.598
4/29/2016,1.585
5/2/2016,1.563
5/3/2016,1.51
5/4/2016,1.487
5/5/2016,1.491
5/6/2016,1.496
5/9/2016,1.443
5/10/2016,1.486
5/11/2016,1.582
5/12/2016,1.583
5/13/2016,1.588
5/16/2016,1.606
5/17/2016,1.634
5/18/2016,1.649
5/19/2016,1.634
5/20/2016,1.636
5/23/2016,1.646
5/24/2016,1.654
5/25/2016,1.642
5/26/2016,1.62
5/27/2016,1.632
5/31/2016,1.615
6/1/2016,1.615
6/3/2016,1.608
6/6/2016,1.589
6/7/2016,1.587
6/8/2016,1.62
6/9/2016,1.619
6/10/2016,1.56
6/13/2016,1.536
6/14/2016,1.521
6/15/2016,1.501
6/16/2016,1.465
6/17/2016,1.505
6/20/2016,1.583
6/21/2016,1.593
6/22/2016,1.588
6/23/2016,1.604
6/24/2016,1.525
6/27/2016,1.477
6/28/2016,1.51
6/29/2016,1.525
6/30/2016,1.501
7/1/2016,1.514
7/5/2016,1.429
7/6/2016,1.433
7/7/2016,1.363
7/8/2016,1.371
7/11/2016,1.384
7/12/2016,1.43
7/13/2016,1.378
7/14/2016,1.414
7/15/2016,1.422
7/18/2016,1.387
7/19/2016,1.376
7/20/2016,1.364
7/21/2016,1.355
7/22/2016,1.362
7/25/2016,1.334
7/26/2016,1.345
7/27/2016,1.321
7/28/2016,1.306
7/29/2016,1.321
8/1/2016,1.304
8/2/2016,1.312
8/3/2016,1.35
8/4/2016,1.368
8/5/2016,1.376
8/8/2016,1.362
8/9/2016,1.346
8/10/2016,1.301
8/11/2016,1.362
8/12/2016,1.371
8/15/2016,1.401
8/16/2016,1.423
8/17/2016,1.451
8/18/2016,1.49
8/19/2016,1.513
8/22/2016,1.484
8/23/2016,1.499
8/24/2016,1.51
8/25/2016,1.511
8/26/2016,1.513
8/29/2016,1.467
8/30/2016,1.448
8/31/2016,1.412
9/1/2016,1.272
9/2/2016,1.302
9/6/2016,1.316
9/7/2016,1.346
9/8/2016,1.417
9/9/2016,1.361
9/12/2016,1.39
9/13/2016,1.377
9/14/2016,1.362
9/15/2016,1.43
9/16/2016,1.462
9/19/2016,1.421
9/20/2016,1.365
9/21/2016,1.399
9/22/2016,1.402
9/23/2016,1.377
9/26/2016,1.402
9/27/2016,1.394
9/28/2016,1.478
9/29/2016,1.467
9/30/2016,1.487
10/3/2016,1.471
10/4/2016,1.5
10/5/2016,1.493
10/6/2016,1.498
10/7/2016,1.482
10/11/2016,1.483
10/12/2016,1.462
10/13/2016,1.482
10/14/2016,1.494
10/17/2016,1.492
10/18/2016,1.506
10/19/2016,1.514
10/20/2016,1.494
10/21/2016,1.531
10/24/2016,1.504
10/25/2016,1.501
10/26/2016,1.483
10/27/2016,1.487
10/28/2016,1.469
10/31/2016,1.45
11/1/2016,1.484
11/2/2016,1.448
11/3/2016,1.425
11/4/2016,1.379
11/7/2016,1.371
11/8/2016,1.369
11/9/2016,1.357
11/10/2016,1.338
11/14/2016,1.278
11/15/2016,1.335
11/16/2016,1.319
11/17/2016,1.343
11/18/2016,1.339
11/21/2016,1.397
11/22/2016,1.41
11/23/2016,1.422
11/28/2016,1.413
11/29/2016,1.377
11/30/2016,1.491
12/1/2016,1.547
12/2/2016,1.559
12/5/2016,1.558
12/6/2016,1.536
12/7/2016,1.508
12/8/2016,1.505
12/9/2016,1.507
12/12/2016,1.543
12/13/2016,1.551
12/14/2016,1.533
12/15/2016,1.542
12/16/2016,1.557
12/19/2016,1.564
12/20/2016,1.594
12/21/2016,1.606
12/22/2016,1.604
12/23/2016,1.626
12/27/2016,1.653
12/28/2016,1.675
12/29/2016,1.682
12/30/2016,1.665
1/3/2017,1.622
1/4/2017,1.646
1/5/2017,1.638
1/6/2017,1.634
1/9/2017,1.571
1/10/2017,1.547
1/11/2017,1.593
1/12/2017,1.611
1/13/2017,1.612
1/17/2017,1.6
1/18/2017,1.549
1/19/2017,1.535
1/20/2017,1.566
1/23/2017,1.567
1/24/2017,1.576
1/25/2017,1.524
1/26/2017,1.543
1/27/2017,1.527
1/30/2017,1.506
1/31/2017,1.526
2/1/2017,1.579
2/2/2017,1.533
2/3/2017,1.554
2/6/2017,1.51
2/7/2017,1.488
2/8/2017,1.553
2/9/2017,1.57
2/10/2017,1.59
2/13/2017,1.545
2/14/2017,1.547
2/15/2017,1.548
2/16/2017,1.525
2/17/2017,1.517
2/21/2017,1.494
2/22/2017,1.513
2/23/2017,1.529
2/24/2017,1.515
2/27/2017,1.533
2/28/2017,1.512
3/1/2017,1.678
3/2/2017,1.643
3/3/2017,1.653
3/6/2017,1.672
3/7/2017,1.68
3/8/2017,1.653
3/9/2017,1.624
3/10/2017,1.6
3/13/2017,1.581
3/14/2017,1.584
3/15/2017,1.583
3/16/2017,1.594
3/17/2017,1.599
3/20/2017,1.611
3/21/2017,1.605
3/22/2017,1.602
3/23/2017,1.59
3/24/2017,1.605
3/27/2017,1.619
3/28/2017,1.635
3/29/2017,1.672
3/30/2017,1.681
3/31/2017,1.7
4/3/2017,1.694
4/4/2017,1.722
4/5/2017,1.715
4/6/2017,1.73
4/7/2017,1.746
4/10/2017,1.758
4/11/2017,1.758
4/12/2017,1.742
4/13/2017,1.735
4/17/2017,1.72
4/18/2017,1.711
4/19/2017,1.659
4/20/2017,1.671
4/21/2017,1.645
4/24/2017,1.621
4/25/2017,1.623
4/26/2017,1.59
4/27/2017,1.55
4/28/2017,1.548
5/1/2017,1.527
5/2/2017,1.514
5/3/2017,1.534
5/4/2017,1.481
5/5/2017,1.505
5/8/2017,1.518
5/9/2017,1.49
5/10/2017,1.54
5/11/2017,1.562
5/12/2017,1.576
5/15/2017,1.595
5/16/2017,1.604
5/17/2017,1.603
5/18/2017,1.606
5/19/2017,1.652
5/22/2017,1.663
5/23/2017,1.661
5/24/2017,1.653
5/25/2017,1.609
5/26/2017,1.643
5/30/2017,1.639
5/31/2017,1.612
6/1/2017,1.601
6/2/2017,1.577
6/5/2017,1.538
6/6/2017,1.555
6/7/2017,1.491
6/8/2017,1.492
6/9/2017,1.502
6/12/2017,1.488
6/13/2017,1.5
6/14/2017,1.433
6/15/2017,1.436
6/16/2017,1.455
6/19/2017,1.451
6/20/2017,1.424
6/21/2017,1.411
6/22/2017,1.435
6/23/2017,1.434
6/26/2017,1.439
6/27/2017,1.46
6/28/2017,1.483
6/29/2017,1.486
6/30/2017,1.515
7/3/2017,1.535
7/5/2017,1.502
7/6/2017,1.529
7/7/2017,1.498
7/10/2017,1.501
7/11/2017,1.518
7/12/2017,1.521
7/13/2017,1.526
7/14/2017,1.561
7/17/2017,1.557
7/18/2017,1.579
7/19/2017,1.617
7/20/2017,1.606
7/21/2017,1.563
7/24/2017,1.557
7/25/2017,1.596
7/26/2017,1.617
7/27/2017,1.645
7/28/2017,1.676
7/31/2017,1.706
8/1/2017,1.661
8/2/2017,1.645
8/3/2017,1.632
8/4/2017,1.646
8/7/2017,1.63
8/8/2017,1.621
8/9/2017,1.62
8/10/2017,1.603
8/11/2017,1.613
8/14/2017,1.577
8/15/2017,1.58
8/16/2017,1.564
8/17/2017,1.587
8/18/2017,1.624
8/21/2017,1.584
8/22/2017,1.591
8/23/2017,1.619
8/24/2017,1.664
8/25/2017,1.667
8/28/2017,1.712
8/29/2017,1.783
8/30/2017,1.885
8/31/2017,2.14
9/1/2017,1.748
9/5/2017,1.699
9/6/2017,1.673
9/7/2017,1.661
9/8/2017,1.648
9/11/2017,1.635
9/12/2017,1.656
9/13/2017,1.647
9/14/2017,1.629
9/15/2017,1.662
9/18/2017,1.669
9/19/2017,1.655
9/20/2017,1.655
9/21/2017,1.644
9/22/2017,1.668
9/25/2017,1.722
9/26/2017,1.699
9/27/2017,1.654
9/28/2017,1.632
9/29/2017,1.607
10/2/2017,1.555
10/3/2017,1.566
10/4/2017,1.581
10/5/2017,1.611
10/6/2017,1.559
10/10/2017,1.592
10/11/2017,1.609
10/12/2017,1.583
10/13/2017,1.622
10/16/2017,1.617
10/17/2017,1.63
10/18/2017,1.643
10/19/2017,1.645
10/20/2017,1.678
10/23/2017,1.678
10/24/2017,1.716
10/25/2017,1.735
10/26/2017,1.751
10/27/2017,1.769
10/30/2017,1.764
10/31/2017,1.78
11/1/2017,1.741
11/2/2017,1.77
11/3/2017,1.793
11/6/2017,1.83
11/7/2017,1.815
11/8/2017,1.821
11/9/2017,1.82
11/13/2017,1.793
11/14/2017,1.761
11/15/2017,1.739
11/16/2017,1.714
11/17/2017,1.745
11/20/2017,1.744
11/21/2017,1.773
11/22/2017,1.768
11/27/2017,1.789
11/28/2017,1.772
11/29/2017,1.731
11/30/2017,1.728
12/1/2017,1.742
12/4/2017,1.692
12/5/2017,1.718
12/6/2017,1.661
12/7/2017,1.7
12/8/2017,1.717
12/11/2017,1.727
12/12/2017,1.698
12/13/2017,1.647
12/14/2017,1.671
12/15/2017,1.655
12/18/2017,1.673
12/19/2017,1.697
12/20/2017,1.735
12/21/2017,1.748
12/22/2017,1.762
12/26/2017,1.787
12/27/2017,1.792
12/28/2017,1.793
1/2/2018,1.763
1/3/2018,1.797
1/4/2018,1.807
1/5/2018,1.786
1/8/2018,1.792
1/9/2018,1.836
1/10/2018,1.833
1/11/2018,1.837
1/12/2018,1.85
1/16/2018,1.838
1/17/2018,1.858
1/18/2018,1.884
1/19/2018,1.864
1/22/2018,1.88
1/23/2018,1.909
1/24/2018,1.916
1/25/2018,1.915
1/26/2018,1.938
1/29/2018,1.935
1/30/2018,1.895
1/31/2018,1.908
2/1/2018,1.896
2/2/2018,1.872
2/5/2018,1.847
2/6/2018,1.805
2/7/2018,1.766
2/8/2018,1.765
2/9/2018,1.7
2/12/2018,1.679
2/13/2018,1.685
2/14/2018,1.713
2/15/2018,1.736
2/16/2018,1.751
2/20/2018,1.75
2/21/2018,1.757
2/22/2018,1.766
2/23/2018,1.809
2/26/2018,1.827
2/27/2018,1.803
2/28/2018,1.758
3/1/2018,1.896
3/2/2018,1.901
3/5/2018,1.935
3/6/2018,1.933
3/7/2018,1.91
3/8/2018,1.868
3/9/2018,1.904
3/12/2018,1.894
3/13/2018,1.886
3/14/2018,1.924
3/15/2018,1.925
3/16/2018,1.946
3/19/2018,1.925
3/20/2018,1.966
3/21/2018,2.012
3/22/2018,2.01
3/23/2018,2.034
3/26/2018,2.01
3/27/2018,2.014
3/28/2018,2.012
3/29/2018,2.018
4/2/2018,1.966
4/3/2018,1.974
4/4/2018,1.977
4/5/2018,1.982
4/6/2018,1.955
4/9/2018,1.984
4/10/2018,2.041
4/11/2018,2.068
4/12/2018,2.055
4/13/2018,2.065
4/16/2018,2.04
4/17/2018,2.041
4/18/2018,2.068
4/19/2018,2.077
4/20/2018,2.096
4/23/2018,2.124
4/24/2018,2.095
4/25/2018,2.09
4/26/2018,2.112
4/27/2018,2.127
4/30/2018,2.129
5/1/2018,2.088
5/2/2018,2.08
5/3/2018,2.088
5/4/2018,2.114
5/7/2018,2.134
5/8/2018,2.111
5/9/2018,2.167
5/10/2018,2.189
5/11/2018,2.189
5/14/2018,2.2
5/15/2018,2.205
5/16/2018,2.25
5/17/2018,2.243
5/18/2018,2.233
5/21/2018,2.257
5/22/2018,2.27
5/23/2018,2.26
5/24/2018,2.234
5/25/2018,2.181
5/29/2018,2.144
5/30/2018,2.184
5/31/2018,2.16
6/1/2018,2.143
6/4/2018,2.122
6/5/2018,2.106
6/6/2018,2.07
6/7/2018,2.115
6/8/2018,2.115
6/11/2018,2.105
6/12/2018,2.09
6/13/2018,2.125
6/14/2018,2.091
6/15/2018,2.023
6/18/2018,2.055
6/19/2018,2.038
6/20/2018,2.024
6/21/2018,2.012
6/22/2018,2.071
6/25/2018,2.052
6/26/2018,2.075
6/27/2018,2.134
6/28/2018,2.133
6/29/2018,2.179
7/2/2018,2.105
7/3/2018,2.118
7/5/2018,2.129
7/6/2018,2.109
7/9/2018,2.149
7/10/2018,2.16
7/11/2018,2.061
7/12/2018,2.072
7/13/2018,2.107
7/16/2018,2.002
7/17/2018,2.026
7/18/2018,2.044
7/19/2018,2.044
7/20/2018,2.069
7/23/2018,2.091
7/24/2018,2.096
7/25/2018,2.123
7/26/2018,2.162
7/27/2018,2.162
7/30/2018,2.16
7/31/2018,2.129
8/1/2018,2.045
8/2/2018,2.068
8/3/2018,2.066
8/6/2018,2.065
8/7/2018,2.104
8/8/2018,2.02
8/9/2018,2
8/10/2018,2.039
8/13/2018,2.015
8/14/2018,2.034
8/15/2018,1.997
8/16/2018,1.987
8/17/2018,1.981
8/20/2018,2.015
8/21/2018,2.018
8/22/2018,2.068
8/23/2018,2.059
8/24/2018,2.078
8/27/2018,2.09
8/28/2018,2.079
8/29/2018,2.106
8/30/2018,2.144
8/31/2018,2.144
9/4/2018,1.994
9/5/2018,1.965
9/6/2018,1.951
9/7/2018,1.97
9/10/2018,1.959
9/11/2018,2.014
9/12/2018,2.035
9/13/2018,1.993
9/14/2018,1.97
9/17/2018,1.977
9/18/2018,2.005
9/19/2018,2.021
9/20/2018,2.015
9/21/2018,2.017
9/24/2018,2.055
9/25/2018,2.068
9/26/2018,2.059
9/27/2018,2.082
9/28/2018,2.101
10/1/2018,2.128
10/2/2018,2.127
10/3/2018,2.138
10/4/2018,2.1
10/5/2018,2.086
10/8/2018,2.094
10/9/2018,2.077
10/10/2018,2.02
10/11/2018,1.933
10/12/2018,1.942
10/15/2018,1.944
10/16/2018,1.977
10/17/2018,1.919
10/18/2018,1.891
10/19/2018,1.914
10/22/2018,1.907
10/23/2018,1.837
10/24/2018,1.822
10/25/2018,1.813
10/26/2018,1.815
10/29/2018,1.825
10/30/2018,1.806
10/31/2018,1.768
11/1/2018,1.717
11/2/2018,1.708
11/5/2018,1.692
11/6/2018,1.694
11/7/2018,1.647
11/8/2018,1.644
11/9/2018,1.621
11/12/2018,1.637
11/13/2018,1.543
11/14/2018,1.561
11/15/2018,1.557
11/16/2018,1.577
11/19/2018,1.583
11/20/2018,1.496
11/21/2018,1.511
11/23/2018,1.391
11/26/2018,1.443
11/27/2018,1.421
11/28/2018,1.398
11/29/2018,1.455
11/30/2018,1.441
12/3/2018,1.431
12/4/2018,1.443
12/5/2018,1.446
12/6/2018,1.433
12/7/2018,1.486
12/10/2018,1.419
12/11/2018,1.44
12/12/2018,1.42
12/13/2018,1.478
12/14/2018,1.434
12/17/2018,1.41
12/18/2018,1.351
12/19/2018,1.386
12/20/2018,1.322
12/21/2018,1.318
12/24/2018,1.249
12/26/2018,1.33
12/27/2018,1.304
12/28/2018,1.326
12/31/2018,1.324
1/2/2019,1.326
1/3/2019,1.35
1/4/2019,1.348
1/7/2019,1.341
1/8/2019,1.363
1/9/2019,1.425
1/10/2019,1.431
1/11/2019,1.401
1/14/2019,1.364
1/15/2019,1.411
1/16/2019,1.416
1/17/2019,1.43
1/18/2019,1.453
1/22/2019,1.402
1/23/2019,1.386
1/24/2019,1.388
1/25/2019,1.389
1/28/2019,1.333
1/29/2019,1.351
1/30/2019,1.382
1/31/2019,1.363
2/1/2019,1.437
2/4/2019,1.432
2/5/2019,1.426
2/6/2019,1.459
2/7/2019,1.426
2/8/2019,1.446
2/11/2019,1.419
2/12/2019,1.427
2/13/2019,1.465
2/14/2019,1.509
2/15/2019,1.573
2/19/2019,1.564
2/20/2019,1.598
2/21/2019,1.614
2/22/2019,1.611
2/25/2019,1.545
2/26/2019,1.586
2/27/2019,1.634
2/28/2019,1.629
3/1/2019,1.73
3/4/2019,1.749
3/5/2019,1.767
3/6/2019,1.789
3/7/2019,1.805
3/8/2019,1.802
3/11/2019,1.826
3/12/2019,1.816
3/13/2019,1.857
3/14/2019,1.85
3/15/2019,1.858
3/18/2019,1.883
3/19/2019,1.893
3/20/2019,1.917
3/21/2019,1.92
3/22/2019,1.926
3/25/2019,1.938
3/26/2019,1.956
3/27/2019,1.896
3/28/2019,1.88
3/29/2019,1.896
4/1/2019,1.899
4/2/2019,1.929
4/3/2019,1.951
4/4/2019,1.94
4/5/2019,1.969
4/8/2019,1.988
4/9/2019,1.999
4/10/2019,2.069
4/11/2019,2.031
4/12/2019,2.037
4/15/2019,2.012
4/16/2019,2.032
4/17/2019,2.042
4/18/2019,2.072
4/22/2019,2.13
4/23/2019,2.132
4/24/2019,2.129
4/25/2019,2.132
4/26/2019,2.101
4/29/2019,2.083
4/30/2019,2.123
5/1/2019,2.064
5/2/2019,2.018
5/3/2019,2.027
5/6/2019,1.997
5/7/2019,1.949
5/8/2019,1.975
5/9/2019,1.975
5/10/2019,1.989
5/13/2019,1.964
5/14/2019,1.977
5/15/2019,2.013
5/16/2019,2.062
5/17/2019,2.047
5/20/2019,2.01
5/21/2019,2.019
5/22/2019,1.991
5/23/2019,1.913
5/24/2019,1.935
5/28/2019,1.957
5/29/2019,1.945
5/30/2019,1.879
5/31/2019,1.802
6/3/2019,1.741
6/4/2019,1.724
6/5/2019,1.693
6/6/2019,1.708
6/7/2019,1.739
6/10/2019,1.73
6/11/2019,1.756
6/12/2019,1.686
6/13/2019,1.72
6/14/2019,1.733
6/17/2019,1.691
6/18/2019,1.721
6/19/2019,1.736
6/20/2019,1.786
6/21/2019,1.856
6/24/2019,1.855
6/25/2019,1.877
6/26/2019,1.97
6/27/2019,1.947
6/28/2019,1.943
7/1/2019,1.931
7/2/2019,1.87
7/3/2019,1.917
7/5/2019,1.93
7/8/2019,1.901
7/9/2019,1.927
7/10/2019,2.005
7/11/2019,1.99
7/12/2019,1.977
7/15/2019,1.93
7/16/2019,1.892
7/17/2019,1.879
7/18/2019,1.834
7/19/2019,1.841
7/22/2019,1.828
7/23/2019,1.861
7/24/2019,1.855
7/25/2019,1.88
7/26/2019,1.874
7/29/2019,1.863
7/30/2019,1.897
7/31/2019,1.902
8/1/2019,1.75
8/2/2019,1.782
8/5/2019,1.718
8/6/2019,1.687
8/7/2019,1.62
8/8/2019,1.646
8/9/2019,1.674
8/12/2019,1.665
8/13/2019,1.736
8/14/2019,1.676
8/15/2019,1.636
8/16/2019,1.657
8/19/2019,1.664
8/20/2019,1.681
8/21/2019,1.694
8/22/2019,1.668
8/23/2019,1.643
8/26/2019,1.617
8/27/2019,1.65
8/28/2019,1.682
8/29/2019,1.685
8/30/2019,1.613
9/3/2019,1.471
9/4/2019,1.533
9/5/2019,1.546
9/6/2019,1.574
9/9/2019,1.585
9/10/2019,1.591
9/11/2019,1.57
9/12/2019,1.553
9/13/2019,1.553
9/16/2019,1.752
9/17/2019,1.675
9/18/2019,1.658
9/19/2019,1.701
9/20/2019,1.678
9/23/2019,1.684
9/24/2019,1.654
9/25/2019,1.625
9/26/2019,1.661
9/27/2019,1.651
9/30/2019,1.605
10/1/2019,1.574
10/2/2019,1.546
10/3/2019,1.556
10/4/2019,1.573
10/7/2019,1.569
10/8/2019,1.581
10/9/2019,1.587
10/10/2019,1.623
10/11/2019,1.639
10/14/2019,1.613
10/15/2019,1.614
10/16/2019,1.625
10/17/2019,1.623
10/18/2019,1.623
10/21/2019,1.607
10/22/2019,1.609
10/23/2019,1.652
10/24/2019,1.663
10/25/2019,1.673
10/28/2019,1.673
10/29/2019,1.686
10/30/2019,1.665
10/31/2019,1.631
11/1/2019,1.656
11/4/2019,1.664
11/5/2019,1.675
11/6/2019,1.626
11/7/2019,1.636
11/8/2019,1.634
11/12/2019,1.614
11/13/2019,1.637
11/14/2019,1.616
11/15/2019,1.635
11/18/2019,1.621
11/19/2019,1.604
11/20/2019,1.656
11/21/2019,1.704
11/22/2019,1.674
11/25/2019,1.675
11/26/2019,1.705
11/27/2019,1.679
11/29/2019,1.597
12/2/2019,1.573
12/3/2019,1.563
12/4/2019,1.604
12/5/2019,1.621
12/6/2019,1.647
12/9/2019,1.655
12/10/2019,1.653
12/11/2019,1.626
12/12/2019,1.628
12/13/2019,1.663
12/16/2019,1.663
12/17/2019,1.686
12/18/2019,1.684
12/19/2019,1.707
12/20/2019,1.706
12/23/2019,1.705
12/24/2019,1.727
12/26/2019,1.754
12/27/2019,1.747
12/30/2019,1.728
12/31/2019,1.698
1/2/2020,1.704
1/3/2020,1.749
1/6/2020,1.754
1/7/2020,1.722
1/8/2020,1.649
1/9/2020,1.653
1/10/2020,1.66
1/13/2020,1.657
1/14/2020,1.654
1/15/2020,1.637
1/16/2020,1.655
1/17/2020,1.641
1/21/2020,1.637
1/22/2020,1.58
1/23/2020,1.56
1/24/2020,1.515
1/27/2020,1.484
1/28/2020,1.503
1/29/2020,1.531
1/30/2020,1.494
1/31/2020,1.489
2/3/2020,1.474
2/4/2020,1.443
2/5/2020,1.486
2/6/2020,1.498
2/7/2020,1.524
2/10/2020,1.521
2/11/2020,1.514
2/12/2020,1.581
2/13/2020,1.58
2/14/2020,1.583
2/18/2020,1.615
2/19/2020,1.663
2/20/2020,1.67
2/21/2020,1.651
2/24/2020,1.609
2/25/2020,1.532
2/26/2020,1.455
2/27/2020,1.411
2/28/2020,1.396
3/2/2020,1.54
3/3/2020,1.531
3/4/2020,1.556
3/5/2020,1.522
3/6/2020,1.389
3/9/2020,1.137
3/10/2020,1.157
3/11/2020,1.11
3/12/2020,0.898
3/13/2020,0.899
3/16/2020,0.69
3/17/2020,0.711
3/18/2020,0.638
3/19/2020,0.685
3/20/2020,0.605
3/23/2020,0.412
3/24/2020,0.444
3/25/2020,0.547
3/26/2020,0.544
3/27/2020,0.574
3/30/2020,0.586
3/31/2020,0.573
4/1/2020,0.547
4/2/2020,0.663
4/3/2020,0.692
4/6/2020,0.702
4/7/2020,0.648
4/8/2020,0.678
4/9/2020,0.677
4/13/2020,0.703
4/14/2020,0.72
4/15/2020,0.72
4/16/2020,0.705
4/17/2020,0.711
4/20/2020,0.668
4/21/2020,0.51
4/22/2020,0.638
4/23/2020,0.644
4/24/2020,0.661
4/27/2020,0.648
4/28/2020,0.667
4/29/2020,0.727
4/30/2020,0.698
5/1/2020,0.766
5/4/2020,0.822
5/5/2020,0.901
5/6/2020,0.877
5/7/2020,0.931
5/8/2020,0.952
5/11/2020,0.924
5/12/2020,0.919
5/13/2020,0.853
5/14/2020,0.915
5/15/2020,0.97
5/18/2020,1.026
5/19/2020,1.045
5/20/2020,1.044
5/21/2020,1.045
5/22/2020,1.038
5/26/2020,1.049
5/27/2020,0.993
5/28/2020,0.999
5/29/2020,1.026
6/1/2020,1.067
6/2/2020,1.118
6/3/2020,1.119
6/4/2020,1.149
6/5/2020,1.214
6/8/2020,1.195
6/9/2020,1.21
6/10/2020,1.21
6/11/2020,1.119
6/12/2020,1.124
6/15/2020,1.166
6/16/2020,1.207
6/17/2020,1.215
6/18/2020,1.258
6/19/2020,1.272
6/22/2020,1.291
6/23/2020,1.299
6/24/2020,1.196
6/25/2020,1.194
6/26/2020,1.153
6/29/2020,1.184
6/30/2020,1.2
7/1/2020,1.217
7/2/2020,1.259
7/6/2020,1.241
7/7/2020,1.275
7/8/2020,1.291
7/9/2020,1.251
7/10/2020,1.283
7/13/2020,1.273
7/14/2020,1.247
7/15/2020,1.265
7/16/2020,1.234
7/17/2020,1.225
7/20/2020,1.229
7/21/2020,1.28
7/22/2020,1.283
7/23/2020,1.259
7/24/2020,1.285
7/27/2020,1.275
7/28/2020,1.266
7/29/2020,1.242
7/30/2020,1.22
7/31/2020,1.187
8/3/2020,1.213
8/4/2020,1.214
8/5/2020,1.223
8/6/2020,1.228
8/7/2020,1.208
8/10/2020,1.229
8/11/2020,1.205
8/12/2020,1.244
8/13/2020,1.235
8/14/2020,1.245
8/17/2020,1.27
8/18/2020,1.283
8/19/2020,1.291
8/20/2020,1.297
8/21/2020,1.284
8/24/2020,1.367
8/25/2020,1.396
8/26/2020,1.361
8/27/2020,1.285
8/28/2020,1.316
8/31/2020,1.276
9/1/2020,1.225
9/2/2020,1.202
9/3/2020,1.205
9/4/2020,1.177
9/8/2020,1.103
9/9/2020,1.119
9/10/2020,1.098
9/11/2020,1.095
9/14/2020,1.107
9/15/2020,1.138
9/16/2020,1.189
9/17/2020,1.224
9/18/2020,1.237
9/21/2020,1.177
9/22/2020,1.164
9/23/2020,1.181
9/24/2020,1.196
9/25/2020,1.214
9/28/2020,1.247
9/29/2020,1.202
9/30/2020,1.201
10/1/2020,1.152
10/2/2020,1.124
10/5/2020,1.194
10/6/2020,1.235
10/7/2020,1.201
10/8/2020,1.232
10/9/2020,1.203
10/12/2020,1.176
10/13/2020,1.183
10/14/2020,1.197
10/15/2020,1.18
10/16/2020,1.169
10/19/2020,1.162
10/20/2020,1.188
10/21/2020,1.14
10/22/2020,1.158
10/23/2020,1.139
10/26/2020,1.112
10/27/2020,1.143
10/28/2020,1.081
10/29/2020,1.052
10/30/2020,1.05
11/2/2020,1.052
11/3/2020,1.077
11/4/2020,1.108
11/5/2020,1.116
11/6/2020,1.084
11/9/2020,1.161
11/10/2020,1.194
11/11/2020,1.176
11/12/2020,1.157
11/13/2020,1.125
11/16/2020,1.147
11/17/2020,1.153
11/18/2020,1.163
11/19/2020,1.163
11/20/2020,1.175
11/23/2020,1.204
11/24/2020,1.258
11/25/2020,1.288
11/30/2020,1.249
12/1/2020,1.22
12/2/2020,1.24
12/3/2020,1.262
12/4/2020,1.269
12/7/2020,1.256
12/8/2020,1.256
12/9/2020,1.276
12/10/2020,1.317
12/11/2020,1.308
12/14/2020,1.319
12/15/2020,1.327
12/16/2020,1.353
12/17/2020,1.388
12/18/2020,1.396
12/21/2020,1.36
12/22/2020,1.34
12/23/2020,1.382
12/24/2020,1.379
12/28/2020,1.368
12/29/2020,1.388
12/30/2020,1.412
12/31/2020,1.408
1/4/2021,1.373
1/5/2021,1.452
1/6/2021,1.475
1/7/2021,1.483
1/8/2021,1.542
1/11/2021,1.521
1/12/2021,1.553
1/13/2021,1.549
1/14/2021,1.554
1/15/2021,1.528
1/19/2021,1.538
1/20/2021,1.544
1/21/2021,1.548
1/22/2021,1.549
1/25/2021,1.561
1/26/2021,1.581
1/27/2021,1.577
1/28/2021,1.583
1/29/2021,1.573
2/1/2021,1.59
2/2/2021,1.616
2/3/2021,1.649
2/4/2021,1.645
2/5/2021,1.649
2/8/2021,1.675
2/9/2021,1.674
2/10/2021,1.653
2/11/2021,1.65
2/12/2021,1.693
2/16/2021,1.773
2/17/2021,1.811
2/18/2021,1.794
2/19/2021,1.807
2/22/2021,1.842
2/23/2021,1.859
2/24/2021,1.896
2/25/2021,1.892
2/26/2021,1.877
3/1/2021,1.943
3/2/2021,1.936
3/3/2021,1.952
3/4/2021,1.998
3/5/2021,2.065
3/8/2021,2.049
3/9/2021,2.05
3/10/2021,2.08
3/11/2021,2.138
3/12/2021,2.15
3/15/2021,2.105
3/16/2021,2.101
3/17/2021,2.047
3/18/2021,1.944
3/19/2021,1.943
3/22/2021,1.96
3/23/2021,1.896
3/24/2021,1.989
3/25/2021,1.921
3/26/2021,1.967
3/29/2021,1.995
3/30/2021,1.989
3/31/2021,1.953
4/1/2021,2.022
4/5/2021,1.961
4/6/2021,1.966
4/7/2021,1.952
4/8/2021,1.959
4/9/2021,1.962
4/12/2021,1.97
4/13/2021,1.976
4/14/2021,2.036
4/15/2021,2.052
4/16/2021,2.04
4/19/2021,2.045
4/20/2021,2.017
4/21/2021,1.983
4/22/2021,1.975
4/23/2021,1.996
4/26/2021,1.979
4/27/2021,2.02
4/28/2021,2.072
4/29/2021,2.1
4/30/2021,2.07
5/3/2021,2.102
5/4/2021,2.151
5/5/2021,2.151
5/6/2021,2.114
5/7/2021,2.127
5/10/2021,2.133
5/11/2021,2.14
5/12/2021,2.161
5/13/2021,2.095
5/14/2021,2.127
5/17/2021,2.158
5/18/2021,2.161
5/19/2021,2.102
5/20/2021,2.047
5/21/2021,2.069
5/24/2021,2.118
5/25/2021,2.117
5/26/2021,2.15
5/27/2021,2.152
5/28/2021,2.14
6/1/2021,2.17
6/2/2021,2.194
6/3/2021,2.202
6/4/2021,2.212
6/7/2021,2.193
6/8/2021,2.219
6/9/2021,2.203
6/10/2021,2.212
6/11/2021,2.186
6/14/2021,2.171
6/15/2021,2.171
6/16/2021,2.156
6/17/2021,2.134
6/18/2021,2.168
6/21/2021,2.197
6/22/2021,2.224
6/23/2021,2.267
6/24/2021,2.281
6/25/2021,2.264
6/28/2021,2.217
6/29/2021,2.239
6/30/2021,2.244
7/1/2021,2.268
7/2/2021,2.3
7/6/2021,2.228
7/7/2021,2.206
7/8/2021,2.255
7/9/2021,2.292
7/12/2021,2.277
7/13/2021,2.318
7/14/2021,2.294
7/15/2021,2.25
7/16/2021,2.254
7/19/2021,2.11
7/20/2021,2.132
7/21/2021,2.217
7/22/2021,2.273
7/23/2021,2.291
7/26/2021,2.308
7/27/2021,2.314
7/28/2021,2.308
7/29/2021,2.351
7/30/2021,2.366
8/2/2021,2.275
8/3/2021,2.271
8/4/2021,2.25
8/5/2021,2.294
8/6/2021,2.257
8/9/2021,2.235
8/10/2021,2.268
8/11/2021,2.302
8/12/2021,2.275
8/13/2021,2.263
8/16/2021,2.201
8/17/2021,2.166
8/18/2021,2.148
8/19/2021,2.082
8/20/2021,2.024
8/23/2021,2.123
8/24/2021,2.181
8/25/2021,2.301
8/26/2021,2.255
8/27/2021,2.274
8/30/2021,2.313
8/31/2021,2.283
9/1/2021,2.111
9/2/2021,2.164
9/3/2021,2.154
9/7/2021,2.13
9/8/2021,2.132
9/9/2021,2.1
9/10/2021,2.154
9/13/2021,2.161
9/14/2021,2.172
9/15/2021,2.207
9/16/2021,2.181
9/17/2021,2.171
9/20/2021,2.115
9/21/2021,2.105
9/22/2021,2.124
9/23/2021,2.172
9/24/2021,2.188
9/27/2021,2.224
9/28/2021,2.202
9/29/2021,2.229
9/30/2021,2.254
10/1/2021,2.25
10/4/2021,2.309
10/5/2021,2.358
10/6/2021,2.308
10/7/2021,2.334
10/8/2021,2.366
10/11/2021,2.378
10/12/2021,2.383
10/13/2021,2.406
10/14/2021,2.435
10/15/2021,2.486
10/18/2021,2.487
10/19/2021,2.476
10/20/2021,2.508
10/21/2021,2.48
10/22/2021,2.482
10/25/2021,2.516
10/26/2021,2.517
10/27/2021,2.45
10/28/2021,2.435
10/29/2021,2.462
11/1/2021,2.409
11/2/2021,2.45
11/3/2021,2.339
11/4/2021,2.293
11/5/2021,2.321
11/8/2021,2.322
11/9/2021,2.375
11/10/2021,2.297
11/11/2021,2.318
11/12/2021,2.311
11/15/2021,2.329
11/16/2021,2.35
11/17/2021,2.28
11/18/2021,2.294
11/19/2021,2.212
11/22/2021,2.26
11/23/2021,2.337
11/24/2021,2.32
11/29/2021,2.077
11/30/2021,1.98
12/1/2021,1.951
12/2/2021,1.968
12/3/2021,1.953
12/6/2021,2.043
12/7/2021,2.1
12/8/2021,2.149
12/9/2021,2.128
12/10/2021,2.137
12/13/2021,2.117
12/14/2021,2.111
12/15/2021,2.128
12/16/2021,2.178
12/17/2021,2.122
12/20/2021,2.09
12/21/2021,2.152
12/22/2021,2.168
12/23/2021,2.206
12/27/2021,2.234
12/28/2021,2.247
12/29/2021,2.272
12/30/2021,2.297
12/31/2021,2.229
1/3/2022,2.257
1/4/2022,2.276
1/5/2022,2.292
1/6/2022,2.304
1/7/2022,2.299
1/10/2022,2.275
1/11/2022,2.357
1/12/2022,2.391
1/13/2022,2.384
1/14/2022,2.419
1/18/2022,2.432
1/19/2022,2.457
1/20/2022,2.462
1/21/2022,2.442
1/24/2022,2.398
1/25/2022,2.46
1/26/2022,2.523
1/27/2022,2.521
1/28/2022,2.542
1/31/2022,2.554
2/1/2022,2.575
2/2/2022,2.607
2/3/2022,2.643
2/4/2022,2.679
2/7/2022,2.685
2/8/2022,2.625
2/9/2022,2.653
2/10/2022,2.665
2/11/2022,2.739
2/14/2022,2.779
2/15/2022,2.669
2/16/2022,2.677
2/17/2022,2.649
2/18/2022,2.67
2/22/2022,2.711
2/23/2022,2.725
2/24/2022,2.771
2/25/2022,2.727
2/28/2022,2.797
3/1/2022,3.089
3/2/2022,3.308
3/3/2022,3.284
3/4/2022,3.544
3/7/2022,3.572
3/8/2022,3.683
3/9/2022,3.294
3/10/2022,3.157
3/11/2022,3.312
3/14/2022,3.169
3/15/2022,2.998
3/16/2022,2.988
3/17/2022,3.217
3/18/2022,3.239
3/21/2022,3.372
3/22/2022,3.331
3/23/2022,3.439
3/24/2022,3.39
3/25/2022,3.47
3/28/2022,3.219
3/29/2022,3.203
3/30/2022,3.325
3/31/2022,3.19
4/1/2022,3.154
4/4/2022,3.198
4/5/2022,3.165
4/6/2022,3.046
4/7/2022,3.04
4/8/2022,3.132
4/11/2022,3.003
4/12/2022,3.154
4/13/2022,3.291
4/14/2022,3.381
4/18/2022,3.378
4/19/2022,3.247
4/20/2022,3.285
4/21/2022,3.339
4/22/2022,3.305
4/25/2022,3.24
4/26/2022,3.339
4/27/2022,3.456
4/28/2022,3.503
4/29/2022,3.472
5/2/2022,3.51
5/3/2022,3.501
5/4/2022,3.652
5/5/2022,3.659
5/6/2022,3.759
5/9/2022,3.642
5/10/2022,3.542
5/11/2022,3.686
5/12/2022,3.792
5/13/2022,3.958
5/16/2022,4.023
5/17/2022,3.942
5/18/2022,3.721
5/19/2022,3.832
5/20/2022,3.837
5/23/2022,3.798
5/24/2022,3.811
5/25/2022,3.832
5/26/2022,3.877
5/27/2022,4.016
5/31/2022,4.08
6/1/2022,4.072
6/2/2022,4.191
6/3/2022,4.252
6/6/2022,4.193
6/7/2022,4.158
6/8/2022,4.222
6/9/2022,4.276
6/10/2022,4.172
6/13/2022,4.035
6/14/2022,3.994
6/15/2022,3.894
6/16/2022,3.956
6/17/2022,3.793
6/21/2022,3.795
6/22/2022,3.834
6/23/2022,3.766
6/24/2022,3.885
6/27/2022,3.837
6/28/2022,3.935
6/29/2022,3.827
6/30/2022,3.65
7/1/2022,3.688
7/5/2022,3.329
7/6/2022,3.237
7/7/2022,3.42
7/8/2022,3.447
7/11/2022,3.462
7/12/2022,3.265
7/13/2022,3.234
7/14/2022,3.187
7/15/2022,3.213
7/18/2022,3.264
7/19/2022,3.308
7/20/2022,3.275
7/21/2022,3.15
7/22/2022,3.223
7/25/2022,3.382
7/26/2022,3.355
7/27/2022,3.429
7/28/2022,3.465
7/29/2022,3.488
8/1/2022,2.998
8/2/2022,3.057
8/3/2022,2.912
8/4/2022,2.794
8/5/2022,2.856
8/8/2022,2.886
8/9/2022,2.96
8/10/2022,3.07
8/11/2022,3.072
8/12/2022,3.046
8/15/2022,2.952
8/16/2022,2.901
8/17/2022,2.935
8/18/2022,3.026
8/19/2022,3.018
8/22/2022,2.891
8/23/2022,2.933
8/24/2022,2.801
8/25/2022,2.812
8/26/2022,2.851
8/29/2022,2.878
8/30/2022,2.694
8/31/2022,2.606
9/1/2022,2.385
9/2/2022,2.464
9/6/2022,2.416
9/7/2022,2.308
9/8/2022,2.346
9/9/2022,2.433
9/12/2022,2.445
9/13/2022,2.48
9/14/2022,2.525
9/15/2022,2.429
9/16/2022,2.416
9/19/2022,2.464
9/20/2022,2.448
9/21/2022,2.487
9/22/2022,2.516
9/23/2022,2.383
9/26/2022,2.384
9/27/2022,2.493
9/28/2022,2.578
9/29/2022,2.508
9/30/2022,2.473
10/3/2022,2.513
10/4/2022,2.683
10/5/2022,2.669
10/6/2022,2.681
10/7/2022,2.735
10/10/2022,2.623
10/11/2022,2.627
10/12/2022,2.63
10/13/2022,2.703
10/14/2022,2.631
10/17/2022,2.593
10/18/2022,2.551
10/19/2022,2.652
10/20/2022,2.648
10/21/2022,2.662
10/24/2022,2.73
10/25/2022,2.916
10/26/2022,2.899
10/27/2022,3.012
10/28/2022,2.907
10/31/2022,2.811
11/1/2022,2.595
11/2/2022,2.697
11/3/2022,2.694
11/4/2022,2.735
11/7/2022,2.653
11/8/2022,2.637
11/9/2022,2.545
11/10/2022,2.566
11/11/2022,2.61
11/14/2022,2.529
11/15/2022,2.516
11/16/2022,2.508
11/17/2022,2.455
11/18/2022,2.421
11/21/2022,2.437
11/22/2022,2.541
11/23/2022,2.474
11/25/2022,2.328
11/28/2022,2.331
11/29/2022,2.332
11/30/2022,2.419
12/1/2022,2.342
12/2/2022,2.28
12/5/2022,2.202
12/6/2022,2.149
12/7/2022,2.077
12/8/2022,2.049
12/9/2022,2.056
12/12/2022,2.081
12/13/2022,2.161
12/14/2022,2.244
12/15/2022,2.167
12/16/2022,2.132
12/19/2022,2.178
12/20/2022,2.223
12/21/2022,2.256
12/22/2022,2.249
12/23/2022,2.384
12/27/2022,2.36
12/28/2022,2.363
12/29/2022,2.371
12/30/2022,2.46
1/3/2023,2.361
1/4/2023,2.259
1/5/2023,2.267
1/6/2023,2.245
1/9/2023,2.293
1/10/2023,2.328
1/11/2023,2.435
1/12/2023,2.475
1/13/2023,2.533
1/17/2023,2.545
1/18/2023,2.524
1/19/2023,2.597
1/20/2023,2.645
1/23/2023,2.697
1/24/2023,2.649
1/25/2023,2.593
1/26/2023,2.612
1/27/2023,2.589
1/30/2023,2.499
1/31/2023,2.544
2/1/2023,2.454
2/2/2023,2.452
2/3/2023,2.321
2/6/2023,2.373
2/7/2023,2.457
2/8/2023,2.463
2/9/2023,2.448
2/10/2023,2.504
2/13/2023,2.531
2/14/2023,2.489
2/15/2023,2.498
2/16/2023,2.436
2/17/2023,2.408
2/21/2023,2.416
2/22/2023,2.338
2/23/2023,2.38
2/24/2023,2.359
2/27/2023,2.368
2/28/2023,2.434
3/1/2023,2.675
3/2/2023,2.7
3/3/2023,2.75
3/6/2023,2.797
3/7/2023,2.701
3/8/2023,2.689
3/9/2023,2.605
3/10/2023,2.646
3/13/2023,2.591
3/14/2023,2.553
3/15/2023,2.438
3/16/2023,2.504
3/17/2023,2.502
3/20/2023,2.536
3/21/2023,2.539
3/22/2023,2.593
3/23/2023,2.606
3/24/2023,2.589
3/27/2023,2.684
3/28/2023,2.712
3/29/2023,2.668
3/30/2023,2.661
3/31/2023,2.701
4/3/2023,2.758
4/4/2023,2.737
4/5/2023,2.82
4/6/2023,2.813
4/10/2023,2.808
4/11/2023,2.865
4/12/2023,2.873
4/13/2023,2.832
4/14/2023,2.836
4/17/2023,2.774
4/18/2023,2.751
4/19/2023,2.646
4/20/2023,2.586
4/21/2023,2.602
4/24/2023,2.632
4/25/2023,2.589
4/26/2023,2.549
4/27/2023,2.533
4/28/2023,2.578
5/1/2023,2.55
5/2/2023,2.436
5/3/2023,2.322
5/4/2023,2.326
5/5/2023,2.379
5/8/2023,2.462
5/9/2023,2.48
